"No.","Channel Name","Receive Frequency","Transmit Frequency","Channel Type","Transmit Power","Band Width","CTCSS/DCS Decode","CTCSS/DCS Encode","Contact","Contact Call Type","Radio ID","Busy Lock/TX Permit","Squelch Mode","Optional Signal","DTMF ID","2Tone ID","5Tone ID","PTT ID","Color Code","Slot","CH Scan List","Receive Group List","TX Prohibit","Reverse","Simplex TDMA","TDMA Adaptive","Encryption Type","Digital Encryption","Call Confirmation","Talk Around","Work Alone","Custom CTCSS","2TONE Decode","Ranging","Through Mode","APRS Report","APRS Report Channel"
"1","SBO-OVSAR Ch1","163.62000","163.62000","A-Analog","High","12.5K","D152N","D152N","Analog","Group Call","TJ Ricou","Off","CTCSS/DCS","Off","1","1","1","Off","1","1","None","None","Off","Off","Off","Off","Normal Encryption","Off","Off","Off","Off","251.1","1","Off","Off","Off","1"
"2","SBO-OVSAR Ch2","163.62000","148.06000","A-Analog","High","12.5K","D152N","D152N","Analog","Group Call","TJ Ricou","Off","CTCSS/DCS","Off","1","1","1","Off","1","1","None","None","Off","Off","Off","Off","Normal Encryption","Off","Off","Off","Off","131.8","1","Off","Off","Off","1"
"3","SBO-OVSAR Ch3","149.08000","149.08000","A-Analog","High","12.5K","D152N","D152N","Analog","Group Call","TJ Ricou","Off","CTCSS/DCS","Off","1","1","1","Off","1","1","None","None","Off","Off","Off","Off","Normal Encryption","Off","Off","Off","Off","131.8","1","Off","Off","Off","1"
"4","SBO-OVSAR Ch4","149.08000","142.45500","A-Analog","High","12.5K","D152N","D152N","Analog","Group Call","TJ Ricou","Off","CTCSS/DCS","Off","1","1","1","Off","1","1","None","None","Off","Off","Off","Off","Normal Encryption","Off","Off","Off","Off","131.8","1","Off","Off","Off","1"
"5","SAR Interop Freq","149.08000","149.08000","A-Analog","High","12.5K","156.7","156.7","Analog","Group Call","TJ Ricou","Off","CTCSS/DCS","Off","1","1","1","Off","1","1","None","None","Off","Off","Off","Off","Normal Encryption","Off","Off","Off","Off","131.8","1","Off","Off","Off","1"
"6","SBO Admin Ch6","151.11500","151.11500","A-Analog","High","12.5K","D152N","D152N","Analog","Group Call","TJ Ricou","Off","CTCSS/DCS","Off","1","1","1","Off","1","1","None","None","Off","Off","Off","Off","Normal Encryption","Off","Off","Off","Off","131.8","1","Off","Off","Off","1"
"7","SBO-OVSAR Ch7","146.52000","146.52000","A-Analog","High","12.5K","Off","Off","Analog","Group Call","TJ Ricou","Off","Carrier","Off","1","1","1","Off","1","1","None","None","Off","Off","Off","Off","Normal Encryption","Off","Off","Off","Off","131.8","1","Off","Off","Off","1"
"8","OSARVA10","151.11500","151.11500","A-Analog","High","12.5K","151.4","151.4","Analog","Group Call","TJ Ricou","Off","CTCSS/DCS","Off","1","1","1","Off","1","1","None","None","Off","Off","Off","Off","Normal Encryption","Off","Off","Off","Off","251.1","1","Off","Off","Off","1"
"11","EMGCTR VE3OCE(8)","146.88000","146.28000","A-Analog","High","25K","136.5","136.5","Analog","Group Call","TJ Ricou","Off","CTCSS/DCS","Off","1","1","1","Off","1","1","None","None","Off","Off","Off","Off","Normal Encryption","Off","Off","Off","Off","251.1","1","Off","Off","Off","1"
"12","EMGEST VA3EMV(9)","146.98500","146.38500","A-Analog","High","25K","100.0","100.0","Analog","Group Call","TJ Ricou","Off","CTCSS/DCS","Off","1","1","1","Off","1","1","None","None","Off","Off","Off","Off","Normal Encryption","Off","Off","Off","Off","251.1","1","Off","Off","Off","1"
"13","EMGWST VA3EMV(10","145.21000","144.61000","A-Analog","High","25K","123.0","123.0","Analog","Group Call","TJ Ricou","Off","CTCSS/DCS","Off","1","1","1","Off","1","1","None","None","Off","Off","Off","Off","Normal Encryption","Off","Off","Off","Off","251.1","1","Off","Off","Off","1"
"14","EMGBAR VA3OFS(11","146.67000","146.07000","A-Analog","High","25K","136.5","136.5","Analog","Group Call","TJ Ricou","Off","CTCSS/DCS","Off","1","1","1","Off","1","1","None","None","Off","Off","Off","Off","Normal Encryption","Off","Off","Off","Off","251.1","1","Off","Off","Off","1"
"15","EMGPRT VA3EMV/P","145.11000","144.51000","A-Analog","High","25K","136.5","136.5","Analog","Group Call","TJ Ricou","Off","Carrier","Off","1","1","1","Off","1","1","None","None","Off","Off","Off","Off","Normal Encryption","Off","Off","Off","Off","251.1","1","Off","Off","Off","1"
"16","EMGUHF VE3OCE(15","443.80000","448.80000","A-Analog","High","25K","136.5","136.5","Analog","Group Call","TJ Ricou","Off","Carrier","Off","1","1","1","Off","1","1","None","None","Off","Off","Off","Off","Normal Encryption","Off","Off","Off","Off","251.1","1","Off","Off","Off","1"
"17","EMRGU2 VE3EMU(16","444.95000","445.45000","A-Analog","High","25K","136.5","136.5","Analog","Group Call","TJ Ricou","Off","Carrier","Off","1","1","1","Off","1","1","None","None","Off","Off","Off","Off","Normal Encryption","Off","Off","Off","Off","251.1","0","Off","Off","Off","1"
"20","REHCTLY (23)","147.10500","147.70500","A-Analog","High","25K","110.9","110.9","Analog","Group Call","TJ Ricou","Off","CTCSS/DCS","Off","1","1","1","Off","1","1","None","None","Off","Off","Off","Off","Normal Encryption","Off","Off","Off","Off","251.1","1","Off","Off","Off","1"
"21","REHCF (29)","147.36000","147.96000","A-Analog","High","25K","123.0","123.0","Analog","Group Call","TJ Ricou","Off","CTCSS/DCS","Off","1","1","1","Off","1","1","None","None","Off","Off","Off","Off","Normal Encryption","Off","Off","Off","Off","251.1","1","Off","Off","Off","1"
"22","REH HULL (117)","147.10500","147.70500","A-Analog","High","25K","103.5","110.9","Analog","Group Call","TJ Ricou","Off","CTCSS/DCS","Off","1","1","1","Off","1","1","None","None","Off","Off","Off","Off","Normal Encryption","Off","Off","Off","Off","251.1","1","Off","Off","Off","1"
"23","REH GAT (118)","145.33000","147.70500","A-Analog","High","25K","110.9","110.9","Analog","Group Call","TJ Ricou","Off","CTCSS/DCS","Off","1","1","1","Off","1","1","None","None","Off","Off","Off","Off","Normal Encryption","Off","Off","Off","Off","251.1","1","Off","Off","Off","1"
"24","REH BUK (24)","145.49000","144.89000","A-Analog","High","25K","110.9","110.9","Analog","Group Call","TJ Ricou","Off","CTCSS/DCS","Off","1","1","1","Off","1","1","None","None","Off","Off","Off","Off","Normal Encryption","Off","Off","Off","Off","251.1","1","Off","Off","Off","1"
"25","REH PAK (25)","145.33000","144.73000","A-Analog","High","25K","110.9","110.9","Analog","Group Call","TJ Ricou","Off","CTCSS/DCS","Off","1","1","1","Off","1","1","None","None","Off","Off","Off","Off","Normal Encryption","Off","Off","Off","Off","251.1","1","Off","Off","Off","1"
"26","REH MSM (26)","146.61000","146.01000","A-Analog","High","25K","110.9","110.9","Analog","Group Call","TJ Ricou","Off","CTCSS/DCS","Off","1","1","1","Off","1","1","None","None","Off","Off","Off","Off","Normal Encryption","Off","Off","Off","Off","251.1","1","Off","Off","Off","1"
"27","REH MLR (27)","147.10500","147.70500","A-Analog","High","25K","131.8","103.5","Analog","Group Call","TJ Ricou","Off","CTCSS/DCS","Off","1","1","1","Off","1","1","None","None","Off","Off","Off","Off","Normal Encryption","Off","Off","Off","Off","251.1","1","Off","Off","Off","1"
"28","REH CB (28)","147.39000","147.99000","A-Analog","High","25K","114.8","114.8","Analog","Group Call","TJ Ricou","Off","CTCSS/DCS","Off","1","1","1","Off","1","1","None","None","Off","Off","Off","Off","Normal Encryption","Off","Off","Off","Off","251.1","1","Off","Off","Off","1"
"29","REH BF (30)","147.17000","147.96000","A-Analog","High","25K","100.0","100.0","Analog","Group Call","TJ Ricou","Off","CTCSS/DCS","Off","1","1","1","Off","1","1","None","None","Off","Off","Off","Off","Normal Encryption","Off","Off","Off","Off","251.1","1","Off","Off","Off","1"
"30","REH RPN (31)","147.39000","147.99000","A-Analog","High","25K","146.2","146.2","Analog","Group Call","TJ Ricou","Off","CTCSS/DCS","Off","1","1","1","Off","1","1","None","None","Off","Off","Off","Off","Normal Encryption","Off","Off","Off","Off","251.1","1","Off","Off","Off","1"
"31","REH SBR (120)","145.13000","145.13000","A-Analog","High","25K","146.2","146.2","Analog","Group Call","TJ Ricou","Off","CTCSS/DCS","Off","1","1","1","Off","1","1","None","None","Off","Off","Off","Off","Normal Encryption","Off","Off","Off","Off","251.1","1","Off","Off","Off","1"
"32","REH RIP (119)","147.39000","147.99000","A-Analog","High","25K","136.5","146.2","Analog","Group Call","TJ Ricou","Off","CTCSS/DCS","Off","1","1","1","Off","1","1","None","None","Off","Off","Off","Off","Normal Encryption","Off","Off","Off","Off","251.1","1","Off","Off","Off","1"
"33","REH MYO (44)","145.49000","144.89000","A-Analog","High","25K","110.9","110.9","Analog","Group Call","TJ Ricou","Off","CTCSS/DCS","Off","1","1","1","Off","1","1","None","None","Off","Off","Off","Off","Normal Encryption","Off","Off","Off","Off","251.1","1","Off","Off","Off","1"
"34","REH CMY (45)","146.61000","147.99000","A-Analog","High","25K","110.9","110.9","Analog","Group Call","TJ Ricou","Off","CTCSS/DCS","Off","1","1","1","Off","1","1","None","None","Off","Off","Off","Off","Normal Encryption","Off","Off","Off","Off","251.1","1","Off","Off","Off","1"
"35","REH PRT (46)","144.10000","147.57000","A-Analog","High","25K","123.0","123.0","Analog","Group Call","TJ Ricou","Off","CTCSS/DCS","Off","1","1","1","Off","1","1","None","None","Off","Off","Off","Off","Normal Encryption","Off","Off","Off","Off","251.1","1","Off","Off","Off","1"
"36","REH LDL (47)","147.18000","147.78000","A-Analog","High","25K","123.0","123.0","Analog","Group Call","TJ Ricou","Off","CTCSS/DCS","Off","1","1","1","Off","1","1","None","None","Off","Off","Off","Off","Normal Encryption","Off","Off","Off","Off","251.1","1","Off","Off","Off","1"
"37","REH SX","147.10500","147.10500","A-Analog","High","25K","110.9","110.9","Analog","Group Call","TJ Ricou","Off","CTCSS/DCS","Off","1","1","1","Off","1","1","None","None","Off","Off","Off","Off","Normal Encryption","Off","Off","Off","Off","251.1","1","Off","Off","Off","1"
"38","REH HUB U (32)","444.60000","449.60000","A-Analog","High","25K","110.9","110.9","Analog","Group Call","TJ Ricou","Off","CTCSS/DCS","Off","1","1","1","Off","1","1","None","None","Off","Off","Off","Off","Normal Encryption","Off","Off","Off","Off","251.1","1","Off","Off","Off","1"
"39","REH U CLY (121)","444.60000","445.15000","A-Analog","High","25K","110.9","110.9","Analog","Group Call","TJ Ricou","Off","CTCSS/DCS","Off","1","1","1","Off","1","1","None","None","Off","Off","Off","Off","Normal Encryption","Off","Off","Off","Off","251.1","1","Off","Off","Off","1"
"40","REH MTL U (33)","444.60000","449.60000","A-Analog","High","25K","114.8","114.8","Analog","Group Call","TJ Ricou","Off","CTCSS/DCS","Off","1","1","1","Off","1","1","None","None","Off","Off","Off","Off","Normal Encryption","Off","Off","Off","Off","251.1","1","Off","Off","Off","1"
"41","REH U SX (122)","444.60000","444.60000","A-Analog","High","25K","110.9","110.9","Analog","Group Call","TJ Ricou","Off","CTCSS/DCS","Off","1","1","1","Off","1","1","None","None","Off","Off","Off","Off","Normal Encryption","Off","Off","Off","Off","251.1","1","Off","Off","Off","1"
"42","REH POR U (406)","442.80000","447.80000","A-Analog","High","25K","110.9","110.9","Analog","Group Call","TJ Ricou","Off","CTCSS/DCS","Off","1","1","1","Off","1","1","None","None","Off","Off","Off","Off","Normal Encryption","Off","Off","Off","Off","251.1","1","Off","Off","Off","1"
"43","REH U RIP (123)","444.15000","449.15000","A-Analog","High","25K","110.9","110.9","Analog","Group Call","TJ Ricou","Off","CTCSS/DCS","Off","1","1","1","Off","1","1","None","None","Off","Off","Off","Off","Normal Encryption","Off","Off","Off","Off","251.1","1","Off","Off","Off","1"
"44","REH U LDL (124)","442.65000","447.65000","A-Analog","High","25K","146.2","146.2","Analog","Group Call","TJ Ricou","Off","CTCSS/DCS","Off","1","1","1","Off","1","1","None","None","Off","Off","Off","Off","Normal Encryption","Off","Off","Off","Off","251.1","1","Off","Off","Off","1"
"53","VE3MPC","147.15000","147.75000","A-Analog","Low","25K","100.0","100.0","Analog","Group Call","TJ Ricou","Off","CTCSS/DCS","Off","1","1","1","Off","1","1","None","None","Off","Off","Off","Off","Normal Encryption","Off","Off","Off","Off","251.1","1","Off","Off","Off","1"
"54","VE3TWO","147.30000","147.90000","A-Analog","Low","25K","100.0","100.0","Analog","Group Call","TJ Ricou","Off","CTCSS/DCS","Off","1","1","1","Off","1","1","None","None","Off","Off","Off","Off","Normal Encryption","Off","Off","Off","Off","251.1","1","Off","Off","Off","1"
"55","VE2RAO-V","146.74500","146.14500","A-Analog","High","25K","118.8","118.8","Analog","Group Call","TJ Ricou","Off","CTCSS/DCS","Off","1","1","1","Off","1","2","None","None","Off","Off","Off","Off","Normal Encryption","Off","Off","Off","Off","251.1","1","Off","Off","Off","1"
"56","VE2RAO-U","443.95000","448.95000","A-Analog","High","25K","118.8","118.8","Analog","Group Call","TJ Ricou","Off","CTCSS/DCS","Off","1","1","1","Off","1","2","None","None","Off","Off","Off","Off","Normal Encryption","Off","Off","Off","Off","251.1","1","Off","Off","Off","1"
"57","VE2CRA-V","146.94000","146.34000","A-Analog","High","25K","100.0","100.0","Analog","Group Call","TJ Ricou","Off","CTCSS/DCS","Off","1","1","1","Off","1","2","None","None","Off","Off","Off","Off","Normal Encryption","Off","Off","Off","Off","251.1","1","Off","Off","Off","1"
"58","VE2CRA-U","443.30000","448.30000","A-Analog","High","25K","100.0","100.0","Analog","Group Call","TJ Ricou","Off","CTCSS/DCS","Off","1","1","1","Off","1","2","None","None","Off","Off","Off","Off","Normal Encryption","Off","Off","Off","Off","251.1","1","Off","Off","Off","1"
"59","VHF Call","146.52000","146.52000","A-Analog","High","25K","Off","Off","Analog","Group Call","TJ Ricou","Off","Carrier","Off","1","1","1","Off","1","1","None","None","Off","Off","Off","Off","Normal Encryption","Off","Off","Off","Off","251.1","1","Off","Off","Off","1"
"60","UHF Call","446.00000","446.00000","A-Analog","High","25K","Off","Off","Analog","Group Call","TJ Ricou","Off","Carrier","Off","1","1","1","Off","1","1","None","None","Off","Off","Off","Off","Normal Encryption","Off","Off","Off","Off","251.1","1","Off","Off","Off","1"
"66","433.000 DV","433.00000","433.00000","D-Digital","High","12.5K","Off","Off","Simplex 99","Group Call","TJ Ricou","ChannelFree","Carrier","Off","1","1","1","Off","1","1","None","None","Off","Off","Off","Off","Normal Encryption","Off","Off","Off","Off","251.1","1","Off","Off","Off","1"
"67","433.025 DV","433.02500","433.02500","D-Digital","High","12.5K","Off","Off","Simplex 99","Group Call","TJ Ricou","ChannelFree","Carrier","Off","1","1","1","Off","1","1","None","None","Off","Off","Off","Off","Normal Encryption","Off","Off","Off","Off","251.1","1","Off","Off","Off","1"
"68","433.050 DV","433.05000","433.05000","D-Digital","High","12.5K","Off","Off","Simplex 99","Group Call","TJ Ricou","ChannelFree","Carrier","Off","1","1","1","Off","1","1","None","None","Off","Off","Off","Off","Normal Encryption","Off","Off","Off","Off","251.1","1","Off","Off","Off","1"
"69","433.075 DV","433.07500","433.07500","D-Digital","High","12.5K","Off","Off","Simplex 99","Group Call","TJ Ricou","ChannelFree","Carrier","Off","1","1","1","Off","1","1","None","None","Off","Off","Off","Off","Normal Encryption","Off","Off","Off","Off","251.1","1","Off","Off","Off","1"
"70","433.100 DV","433.10000","433.10000","D-Digital","High","12.5K","Off","Off","Simplex 99","Group Call","TJ Ricou","ChannelFree","Carrier","Off","1","1","1","Off","1","1","None","None","Off","Off","Off","Off","Normal Encryption","Off","Off","Off","Off","251.1","1","Off","Off","Off","1"
"71","433.800 DV","433.80000","433.80000","D-Digital","High","12.5K","Off","Off","Simplex 99","Group Call","TJ Ricou","ChannelFree","Carrier","Off","1","1","1","Off","1","1","None","None","Off","Off","Off","Off","Normal Encryption","Off","Off","Off","Off","251.1","1","Off","Off","Off","1"
"75","TST 30239 Local","444.12500","449.12500","D-Digital","High","12.5K","Off","Off","SAR TalkGroup","Group Call","TJ Ricou","ChannelFree","Carrier","Off","1","1","1","Off","13","2","None","None","Off","Off","Off","Off","Normal Encryption","Off","Off","Off","Off","251.1","1","Off","Off","Off","1"
"76","TST Canada-Link","444.12500","449.12500","D-Digital","High","12.5K","Off","Off","VE3TST Local","Group Call","TJ Ricou","ChannelFree","Carrier","Off","1","1","1","Off","13","1","None","None","Off","Off","Off","Off","Normal Encryption","Off","Off","Off","Off","251.1","1","Off","Off","Off","1"
"77","TST TG:2 Local","444.12500","449.12500","D-Digital","High","12.5K","Off","Off","TG-2 Local","Group Call","TJ Ricou","ChannelFree","Carrier","Off","1","1","1","Off","13","2","None","None","Off","Off","Off","Off","Normal Encryption","Off","Off","Off","Off","251.1","1","Off","Off","Off","1"
"81","RAO 30239 SAR","441.95000","446.95000","D-Digital","Low","12.5K","Off","Off","SAR TalkGroup","Group Call","TJ Ricou","ChannelFree","Carrier","Off","1","1","1","Off","1","2","None","None","Off","Off","Off","Off","Normal Encryption","Off","Off","Off","Off","251.1","1","Off","Off","Off","1"
"82","RAO 30236","441.95000","446.95000","D-Digital","High","12.5K","Off","Off","Canada-Link","Group Call","TJ Ricou","ChannelFree","Carrier","Off","1","1","1","Off","1","2","None","None","Off","Off","Off","Off","Normal Encryption","Off","Off","Off","Off","251.1","1","Off","Off","Off","1"
"83","RAO 302354","441.95000","446.95000","D-Digital","High","12.5K","Off","Off","L'Ange Gardien","Group Call","TJ Ricou","ChannelFree","Carrier","Off","1","1","1","Off","1","2","None","None","Off","Off","Off","Off","Normal Encryption","Off","Off","Off","Off","251.1","1","Off","Off","Off","1"
"84","RAO 302010","441.95000","446.95000","D-Digital","High","12.5K","Off","Off","VE3PRV Hammond","Group Call","TJ Ricou","ChannelFree","Carrier","Off","1","1","1","Off","1","2","None","None","Off","Off","Off","Off","Normal Encryption","Off","Off","Off","Off","251.1","1","Off","Off","Off","1"
"85","RAO 302","441.95000","446.95000","D-Digital","High","12.5K","Off","Off","Canada Wide","Group Call","TJ Ricou","ChannelFree","Carrier","Off","1","1","1","Off","1","2","None","None","Off","Off","Off","Off","Normal Encryption","Off","Off","Off","Off","251.1","1","Off","Off","Off","1"
"86","RAO 3022","441.95000","446.95000","D-Digital","High","12.5K","Off","Off","Province Quebec","Group Call","TJ Ricou","ChannelFree","Carrier","Off","1","1","1","Off","1","1","None","None","Off","Off","Off","Off","Normal Encryption","Off","Off","Off","Off","251.1","1","Off","Off","Off","1"
"87","RAO 3022911","441.95000","446.95000","D-Digital","High","12.5K","Off","Off","Disaster QC","Group Call","TJ Ricou","ChannelFree","Carrier","Off","1","1","1","Off","1","2","None","None","Off","Off","Off","Off","Normal Encryption","Off","Off","Off","Off","251.1","1","Off","Off","Off","1"
"88","RAO 3023","441.95000","446.95000","D-Digital","High","12.5K","Off","Off","Province Ontario","Group Call","TJ Ricou","ChannelFree","Carrier","Off","1","1","1","Off","1","2","None","None","Off","Off","Off","Off","Normal Encryption","Off","Off","Off","Off","251.1","1","Off","Off","Off","1"
"89","RAO 3023911","441.95000","446.95000","D-Digital","High","12.5K","Off","Off","Disaster ON","Group Call","TJ Ricou","ChannelFree","Carrier","Off","1","1","1","Off","1","2","None","None","Off","Off","Off","Off","Normal Encryption","Off","Off","Off","Off","251.1","1","Off","Off","Off","1"
"90","RAO 30231","441.95000","446.95000","D-Digital","High","12.5K","Off","Off","ON Rag Chew","Group Call","TJ Ricou","ChannelFree","Carrier","Off","1","1","1","Off","1","2","None","None","Off","Off","Off","Off","Normal Encryption","Off","Off","Off","Off","251.1","1","Off","Off","Off","1"
"91","RAO 91","441.95000","446.95000","D-Digital","High","12.5K","Off","Off","BM 91 World Wide","Group Call","TJ Ricou","ChannelFree","Carrier","Off","1","1","1","Off","1","2","None","None","Off","Off","Off","Off","Normal Encryption","Off","Off","Off","Off","251.1","1","Off","Off","Off","1"
"92","RAO TG-2 Local","441.95000","446.95000","D-Digital","High","12.5K","Off","Off","TG-2 Local","Group Call","TJ Ricou","ChannelFree","Carrier","Off","1","1","1","Off","1","2","None","None","Off","Off","Off","Off","Normal Encryption","Off","Off","Off","Off","251.1","1","Off","Off","Off","1"
"93","RAO TG-8 Local","441.95000","446.95000","D-Digital","High","12.5K","Off","Off","TG-8 Local","Group Call","TJ Ricou","ChannelFree","Carrier","Off","1","1","1","Off","1","2","None","None","Off","Off","Off","Off","Normal Encryption","Off","Off","Off","Off","251.1","1","Off","Off","Off","1"
"94","RAO Status","441.95000","446.95000","D-Digital","High","12.5K","Off","Off","_RPTR Status_","Private Call","TJ Ricou","ChannelFree","Carrier","Off","1","1","1","Off","1","2","None","None","Off","Off","Off","Off","Normal Encryption","Off","Off","Off","Off","251.1","1","Off","Off","Off","1"
"95","RAO Disconnect","441.95000","446.95000","D-Digital","High","12.5K","Off","Off","_RPTR Disconnect","Private Call","TJ Ricou","ChannelFree","Carrier","Off","1","1","1","Off","1","2","None","None","Off","Off","Off","Off","Normal Encryption","Off","Off","Off","Off","251.1","1","Off","Off","Off","1"
"96","RAO Parrot","441.95000","446.95000","D-Digital","High","12.5K","Off","Off","_RPTR Parrot BM_","Private Call","TJ Ricou","ChannelFree","Carrier","Off","1","1","1","Off","1","2","None","None","Off","Off","Off","Off","Normal Encryption","Off","Off","Off","Off","251.1","1","Off","Off","Off","1"
"97","RAO Overland","441.95000","446.95000","D-Digital","High","12.5K","Off","Off","Overland Bound","Group Call","TJ Ricou","Always","Carrier","Off","1","1","1","Off","1","2","None","None","Off","Off","Off","Off","Normal Encryption","Off","Off","Off","Off","251.1","0","Off","Off","Off","1"
"98","RAO Venture OB","441.95000","446.95000","D-Digital","High","12.5K","Off","Off","Venture Overland","Group Call","TJ Ricou","Always","Carrier","Off","1","1","1","Off","1","2","None","None","Off","Off","Off","Off","Normal Encryption","Off","Off","Off","Off","251.1","0","Off","Off","Off","1"
"100","RAO Beth VA3LAK","441.95000","446.95000","D-Digital","High","12.5K","Off","Off","_Beth 0342_","Private Call","TJ Ricou","ChannelFree","Carrier","Off","1","1","1","Off","1","2","None","None","Off","Off","Off","Off","Normal Encryption","Off","Off","Off","Off","251.1","1","Off","Off","Off","1"
"101","RAO Chris VA2ESK","441.95000","446.95000","D-Digital","High","12.5K","Off","Off","_Christian 0304","Private Call","TJ Ricou","ChannelFree","Carrier","Off","1","1","1","Off","1","2","None","None","Off","Off","Off","Off","Normal Encryption","Off","Off","Off","Off","251.1","1","Off","Off","Off","1"
"102","RAO DanielVA3GLB","441.95000","446.95000","D-Digital","High","12.5K","Off","Off","_Daniel 1818_","Private Call","TJ Ricou","Always","Carrier","Off","1","1","1","Off","1","2","None","None","Off","Off","Off","Off","Normal Encryption","Off","Off","Off","Off","251.1","0","Off","Off","Off","1"
"103","RAO Denis VA3DIL","441.95000","446.95000","D-Digital","High","12.5K","Off","Off","_Denis 1796_","Private Call","TJ Ricou","Always","Carrier","Off","1","1","1","Off","1","2","None","None","Off","Off","Off","Off","Normal Encryption","Off","Off","Off","Off","251.1","0","Off","Off","Off","1"
"104","RAO Don VA2EEK","441.95000","446.95000","D-Digital","High","12.5K","Off","Off","_Don 0356_","Private Call","TJ Ricou","ChannelFree","Carrier","Off","1","1","1","Off","1","2","None","None","Off","Off","Off","Off","Normal Encryption","Off","Off","Off","Off","251.1","1","Off","Off","Off","1"
"105","RAO Jack VE2XTT","441.95000","446.95000","D-Digital","High","12.5K","Off","Off","_Jack 0238_","Private Call","TJ Ricou","ChannelFree","Carrier","Off","1","1","1","Off","1","2","None","None","Off","Off","Off","Off","Normal Encryption","Off","Off","Off","Off","251.1","1","Off","Off","Off","1"
"106","RAO Luc VE3LDC","441.95000","446.95000","D-Digital","High","12.5K","Off","Off","_Luc 3466_","Private Call","TJ Ricou","ChannelFree","Carrier","Off","1","1","1","Off","1","2","None","None","Off","Off","Off","Off","Normal Encryption","Off","Off","Off","Off","251.1","1","Off","Off","Off","1"
"107","RAO Peter1VA3YOW","441.95000","446.95000","D-Digital","High","12.5K","Off","Off","_Peter 3065_","Private Call","TJ Ricou","ChannelFree","Carrier","Off","1","1","1","Off","1","2","None","None","Off","Off","Off","Off","Normal Encryption","Off","Off","Off","Off","251.1","1","Off","Off","Off","1"
"108","RAO Peter2VA3YOW","441.95000","446.95000","D-Digital","High","12.5K","Off","Off","_Peter 3212_","Private Call","TJ Ricou","ChannelFree","Carrier","Off","1","1","1","Off","1","2","None","None","Off","Off","Off","Off","Normal Encryption","Off","Off","Off","Off","251.1","1","Off","Off","Off","1"
"109","RAO Reg VA3WZN","441.95000","446.95000","D-Digital","High","12.5K","Off","Off","_Reg 0920_","Private Call","TJ Ricou","ChannelFree","Carrier","Off","1","1","1","Off","1","2","None","None","Off","Off","Off","Off","Normal Encryption","Off","Off","Off","Off","251.1","1","Off","Off","Off","1"
"110","RAO Tracy VA3TXN","441.95000","446.95000","D-Digital","High","12.5K","Off","Off","_Tracy 3078_","Private Call","TJ Ricou","ChannelFree","Carrier","Off","1","1","1","Off","1","2","None","None","Off","Off","Off","Off","Normal Encryption","Off","Off","Off","Off","251.1","1","Off","Off","Off","1"
"111","RAO VA3COC Priv","441.95000","446.95000","D-Digital","High","12.5K","Off","Off","_VA3COC Private_","Private Call","TJ Ricou","ChannelFree","Carrier","Off","1","1","1","Off","1","2","None","None","Off","Off","Off","Off","Normal Encryption","Off","Off","Off","Off","251.1","1","Off","Off","Off","1"
"112","RAO F-150 Privat","441.95000","446.95000","D-Digital","High","12.5K","Off","Off","_SBO-OVSAR F-150","Private Call","TJ Ricou","Always","Carrier","Off","1","1","1","Off","1","1","None","None","Off","Off","Off","Off","Normal Encryption","Off","Off","Off","Off","251.1","0","Off","Off","Off","1"
"113","RAO UTV Priv","441.95000","446.95000","D-Digital","High","12.5K","Off","Off","_SBO-OVSAR UTV","Private Call","TJ Ricou","ChannelFree","Carrier","Off","1","1","1","Off","1","2","None","None","Off","Off","Off","Off","Normal Encryption","Off","Off","Off","Off","251.1","1","Off","Off","Off","1"
"115","REH(G) 30239 SAR","442.65000","447.65000","D-Digital","High","12.5K","Off","Off","SAR TalkGroup","Group Call","TJ Ricou","ChannelFree","Carrier","Off","1","1","1","Off","1","1","None","None","Off","Off","Off","Off","Normal Encryption","Off","Off","Off","Off","251.1","1","Off","Off","Off","1"
"116","REH (G) 30236","442.65000","447.65000","D-Digital","High","12.5K","Off","Off","Canada-Link","Group Call","TJ Ricou","ChannelFree","Carrier","Off","1","1","1","Off","1","1","None","None","Off","Off","Off","Off","Normal Encryption","Off","Off","Off","Off","251.1","1","Off","Off","Off","1"
"117","REH (G) 302354","442.65000","447.65000","D-Digital","High","12.5K","Off","Off","L'Ange Gardien","Group Call","TJ Ricou","ChannelFree","Carrier","Off","1","1","1","Off","1","1","None","None","Off","Off","Off","Off","Normal Encryption","Off","Off","Off","Off","251.1","1","Off","Off","Off","1"
"118","REH (G) 302010","442.65000","447.65000","D-Digital","High","12.5K","Off","Off","VE3PRV Hammond","Group Call","TJ Ricou","ChannelFree","Carrier","Off","1","1","1","Off","1","1","None","None","Off","Off","Off","Off","Normal Encryption","Off","Off","Off","Off","251.1","1","Off","Off","Off","1"
"119","REH (G) 302","442.65000","447.65000","D-Digital","High","12.5K","Off","Off","Canada Wide","Group Call","TJ Ricou","ChannelFree","Carrier","Off","1","1","1","Off","1","1","None","None","Off","Off","Off","Off","Normal Encryption","Off","Off","Off","Off","251.1","1","Off","Off","Off","1"
"120","REH (G) 3022","442.65000","447.65000","D-Digital","High","12.5K","Off","Off","Province Quebec","Group Call","TJ Ricou","ChannelFree","Carrier","Off","1","1","1","Off","1","1","None","None","Off","Off","Off","Off","Normal Encryption","Off","Off","Off","Off","251.1","1","Off","Off","Off","1"
"121","REH (G) 3022911","442.65000","447.65000","D-Digital","High","12.5K","Off","Off","Disaster QC","Group Call","TJ Ricou","ChannelFree","Carrier","Off","1","1","1","Off","1","1","None","None","Off","Off","Off","Off","Normal Encryption","Off","Off","Off","Off","251.1","1","Off","Off","Off","1"
"122","REH (G) 3023","442.65000","447.65000","D-Digital","High","12.5K","Off","Off","Province Ontario","Group Call","TJ Ricou","ChannelFree","Carrier","Off","1","1","1","Off","1","1","None","None","Off","Off","Off","Off","Normal Encryption","Off","Off","Off","Off","251.1","1","Off","Off","Off","1"
"123","REH (G) 3023911","442.65000","447.65000","D-Digital","High","12.5K","Off","Off","Disaster ON","Group Call","TJ Ricou","ChannelFree","Carrier","Off","1","1","1","Off","1","1","None","None","Off","Off","Off","Off","Normal Encryption","Off","Off","Off","Off","251.1","1","Off","Off","Off","1"
"124","REH (G) TG-2","442.65000","447.65000","D-Digital","High","12.5K","Off","Off","TG-2 Local","Group Call","TJ Ricou","ChannelFree","Carrier","Off","1","1","1","Off","1","1","None","None","Off","Off","Off","Off","Normal Encryption","Off","Off","Off","Off","251.1","1","Off","Off","Off","1"
"125","REH (G) TG-8","442.65000","447.65000","D-Digital","High","12.5K","Off","Off","TG-8 Local","Group Call","TJ Ricou","ChannelFree","Carrier","Off","1","1","1","Off","1","1","None","None","Off","Off","Off","Off","Normal Encryption","Off","Off","Off","Off","251.1","1","Off","Off","Off","1"
"126","REH (G) Status","442.65000","447.65000","D-Digital","High","12.5K","Off","Off","_RPTR Status_","Private Call","TJ Ricou","ChannelFree","Carrier","Off","1","1","1","Off","1","1","None","None","Off","Off","Off","Off","Normal Encryption","Off","Off","Off","Off","251.1","1","Off","Off","Off","1"
"127","REH (G)Disconect","442.65000","447.65000","D-Digital","High","12.5K","Off","Off","_RPTR Disconnect","Private Call","TJ Ricou","ChannelFree","Carrier","Off","1","1","1","Off","1","1","None","None","Off","Off","Off","Off","Normal Encryption","Off","Off","Off","Off","251.1","1","Off","Off","Off","1"
"128","REH (G) Parrot","442.65000","447.65000","D-Digital","High","12.5K","Off","Off","_RPTR Parrot BM_","Private Call","TJ Ricou","Always","Carrier","Off","1","1","1","Off","1","1","None","None","Off","Off","Off","Off","Normal Encryption","Off","Off","Off","Off","251.1","0","Off","Off","Off","1"
"129","REH (G) Overland","442.65000","447.65000","D-Digital","High","12.5K","Off","Off","Overland Bound","Group Call","TJ Ricou","Always","Carrier","Off","1","1","1","Off","1","1","None","None","Off","Off","Off","Off","Normal Encryption","Off","Off","Off","Off","251.1","0","Off","Off","Off","1"
"130","REH (G) VentureO","442.65000","447.65000","D-Digital","High","12.5K","Off","Off","Venture Overland","Group Call","TJ Ricou","Always","Carrier","Off","1","1","1","Off","1","1","None","None","Off","Off","Off","Off","Normal Encryption","Off","Off","Off","Off","251.1","0","Off","Off","Off","1"
"131","REH (G) Beth LAK","442.65000","447.65000","D-Digital","High","12.5K","Off","Off","_Beth 0342_","Private Call","TJ Ricou","ChannelFree","Carrier","Off","1","1","1","Off","1","1","None","None","Off","Off","Off","Off","Normal Encryption","Off","Off","Off","Off","251.1","1","Off","Off","Off","1"
"132","REH (G) ChrisESK","442.65000","447.65000","D-Digital","High","12.5K","Off","Off","_Christian 0304","Private Call","TJ Ricou","ChannelFree","Carrier","Off","1","1","1","Off","1","1","None","None","Off","Off","Off","Off","Normal Encryption","Off","Off","Off","Off","251.1","1","Off","Off","Off","1"
"133","REH (G) DenisGLB","442.65000","447.65000","D-Digital","High","12.5K","Off","Off","_Daniel 1818_","Private Call","TJ Ricou","Always","Carrier","Off","1","1","1","Off","1","1","None","None","Off","Off","Off","Off","Normal Encryption","Off","Off","Off","Off","251.1","0","Off","Off","Off","1"
"134","REH (G)Denis DIL","442.65000","447.65000","D-Digital","High","12.5K","Off","Off","_Denis 1796_","Private Call","TJ Ricou","Always","Carrier","Off","1","1","1","Off","1","1","None","None","Off","Off","Off","Off","Normal Encryption","Off","Off","Off","Off","251.1","0","Off","Off","Off","1"
"135","REH (G) Don EEK","442.65000","447.65000","D-Digital","High","12.5K","Off","Off","_Don 0356_","Private Call","TJ Ricou","ChannelFree","Carrier","Off","1","1","1","Off","1","1","None","None","Off","Off","Off","Off","Normal Encryption","Off","Off","Off","Off","251.1","1","Off","Off","Off","1"
"136","REH (G) Jack XTT","442.65000","447.65000","D-Digital","High","12.5K","Off","Off","_Jack 0238_","Private Call","TJ Ricou","ChannelFree","Carrier","Off","1","1","1","Off","1","1","None","None","Off","Off","Off","Off","Normal Encryption","Off","Off","Off","Off","251.1","1","Off","Off","Off","1"
"137","REH (G) Luc LDC","442.65000","447.65000","D-Digital","High","12.5K","Off","Off","_Luc 3466_","Private Call","TJ Ricou","ChannelFree","Carrier","Off","1","1","1","Off","1","1","None","None","Off","Off","Off","Off","Normal Encryption","Off","Off","Off","Off","251.1","1","Off","Off","Off","1"
"138","REH (G)Peter1YOW","442.65000","447.65000","D-Digital","High","12.5K","Off","Off","_Peter 3065_","Private Call","TJ Ricou","ChannelFree","Carrier","Off","1","1","1","Off","1","1","None","None","Off","Off","Off","Off","Normal Encryption","Off","Off","Off","Off","251.1","1","Off","Off","Off","1"
"139","REH (G)Peter2YOW","442.65000","447.65000","D-Digital","High","12.5K","Off","Off","_Peter 3212_","Private Call","TJ Ricou","ChannelFree","Carrier","Off","1","1","1","Off","1","1","None","None","Off","Off","Off","Off","Normal Encryption","Off","Off","Off","Off","251.1","1","Off","Off","Off","1"
"140","REH (G) Reg WZN","442.65000","447.65000","D-Digital","High","12.5K","Off","Off","_Reg 0920_","Private Call","TJ Ricou","ChannelFree","Carrier","Off","1","1","1","Off","1","1","None","None","Off","Off","Off","Off","Normal Encryption","Off","Off","Off","Off","251.1","1","Off","Off","Off","1"
"141","REH (G) TracyTXN","442.65000","447.65000","D-Digital","High","12.5K","Off","Off","_Tracy 3078_","Private Call","TJ Ricou","ChannelFree","Carrier","Off","1","1","1","Off","1","1","None","None","Off","Off","Off","Off","Normal Encryption","Off","Off","Off","Off","251.1","1","Off","Off","Off","1"
"142","REH (G) VA3COC","442.65000","447.65000","D-Digital","High","12.5K","Off","Off","_VA3COC Private_","Private Call","TJ Ricou","ChannelFree","Carrier","Off","1","1","1","Off","1","1","None","None","Off","Off","Off","Off","Normal Encryption","Off","Off","Off","Off","251.1","1","Off","Off","Off","1"
"143","REH (G) F-150 PR","442.65000","447.65000","D-Digital","High","12.5K","Off","Off","_SBO-OVSAR F-150","Private Call","TJ Ricou","Always","Carrier","Off","1","1","1","Off","1","1","None","None","Off","Off","Off","Off","Normal Encryption","Off","Off","Off","Off","251.1","0","Off","Off","Off","1"
"144","REH (G) UTV PR","442.65000","447.65000","D-Digital","High","12.5K","Off","Off","_SBO-OVSAR UTV","Private Call","TJ Ricou","ChannelFree","Carrier","Off","1","1","1","Off","1","1","None","None","Off","Off","Off","Off","Normal Encryption","Off","Off","Off","Off","251.1","1","Off","Off","Off","1"
"147","REH(E) 30239 SAR","442.55000","447.55000","D-Digital","High","12.5K","Off","Off","SAR TalkGroup","Group Call","TJ Ricou","ChannelFree","Carrier","Off","1","1","1","Off","1","1","None","None","Off","Off","Off","Off","Normal Encryption","Off","Off","Off","Off","251.1","1","Off","Off","Off","1"
"148","REH (E) 30236","442.55000","447.55000","D-Digital","High","12.5K","Off","Off","Canada-Link","Group Call","TJ Ricou","ChannelFree","Carrier","Off","1","1","1","Off","1","1","None","None","Off","Off","Off","Off","Normal Encryption","Off","Off","Off","Off","251.1","1","Off","Off","Off","1"
"149","REH (E) 302354","442.55000","447.55000","D-Digital","High","12.5K","Off","Off","L'Ange Gardien","Group Call","TJ Ricou","ChannelFree","Carrier","Off","1","1","1","Off","1","1","None","None","Off","Off","Off","Off","Normal Encryption","Off","Off","Off","Off","251.1","1","Off","Off","Off","1"
"150","REH (E) 302010","442.55000","447.55000","D-Digital","High","12.5K","Off","Off","VE3PRV Hammond","Group Call","TJ Ricou","ChannelFree","Carrier","Off","1","1","1","Off","1","1","None","None","Off","Off","Off","Off","Normal Encryption","Off","Off","Off","Off","251.1","1","Off","Off","Off","1"
"151","REH (E) 302","442.55000","447.55000","D-Digital","High","12.5K","Off","Off","Canada Wide","Group Call","TJ Ricou","ChannelFree","Carrier","Off","1","1","1","Off","1","1","None","None","Off","Off","Off","Off","Normal Encryption","Off","Off","Off","Off","251.1","1","Off","Off","Off","1"
"152","REH (E) 3022","442.55000","447.55000","D-Digital","High","12.5K","Off","Off","Province Quebec","Group Call","TJ Ricou","ChannelFree","Carrier","Off","1","1","1","Off","1","1","None","None","Off","Off","Off","Off","Normal Encryption","Off","Off","Off","Off","251.1","1","Off","Off","Off","1"
"153","REH (E) 3022911","442.55000","447.55000","D-Digital","High","12.5K","Off","Off","Disaster QC","Group Call","TJ Ricou","ChannelFree","Carrier","Off","1","1","1","Off","1","1","None","None","Off","Off","Off","Off","Normal Encryption","Off","Off","Off","Off","251.1","1","Off","Off","Off","1"
"154","REH (E) 3023","442.55000","447.55000","D-Digital","High","12.5K","Off","Off","Province Ontario","Group Call","TJ Ricou","ChannelFree","Carrier","Off","1","1","1","Off","1","1","None","None","Off","Off","Off","Off","Normal Encryption","Off","Off","Off","Off","251.1","1","Off","Off","Off","1"
"155","REH (E) 3023911","442.55000","447.55000","D-Digital","High","12.5K","Off","Off","Disaster ON","Group Call","TJ Ricou","ChannelFree","Carrier","Off","1","1","1","Off","1","1","None","None","Off","Off","Off","Off","Normal Encryption","Off","Off","Off","Off","251.1","1","Off","Off","Off","1"
"156","REH (E) TG-2","442.55000","447.55000","D-Digital","High","12.5K","Off","Off","TG-2 Local","Group Call","TJ Ricou","ChannelFree","Carrier","Off","1","1","1","Off","1","1","None","None","Off","Off","Off","Off","Normal Encryption","Off","Off","Off","Off","251.1","1","Off","Off","Off","1"
"157","REH (E) TG-8","442.55000","447.55000","D-Digital","High","12.5K","Off","Off","TG-8 Local","Group Call","TJ Ricou","ChannelFree","Carrier","Off","1","1","1","Off","1","1","None","None","Off","Off","Off","Off","Normal Encryption","Off","Off","Off","Off","251.1","1","Off","Off","Off","1"
"158","REH (E) Status","442.55000","447.55000","D-Digital","High","12.5K","Off","Off","_RPTR Status_","Private Call","TJ Ricou","ChannelFree","Carrier","Off","1","1","1","Off","1","1","None","None","Off","Off","Off","Off","Normal Encryption","Off","Off","Off","Off","251.1","1","Off","Off","Off","1"
"159","REH (E)Disconect","442.55000","447.55000","D-Digital","High","12.5K","Off","Off","_RPTR Disconnect","Private Call","TJ Ricou","ChannelFree","Carrier","Off","1","1","1","Off","1","1","None","None","Off","Off","Off","Off","Normal Encryption","Off","Off","Off","Off","251.1","1","Off","Off","Off","1"
"160","REH (E) Parrot","442.55000","447.55000","D-Digital","High","12.5K","Off","Off","_RPTR Parrot BM_","Private Call","TJ Ricou","Always","Carrier","Off","1","1","1","Off","1","1","None","None","Off","Off","Off","Off","Normal Encryption","Off","Off","Off","Off","251.1","0","Off","Off","Off","1"
"161","REH (E) Overland","442.55000","447.55000","D-Digital","High","12.5K","Off","Off","Overland Bound","Group Call","TJ Ricou","Always","Carrier","Off","1","1","1","Off","1","1","None","None","Off","Off","Off","Off","Normal Encryption","Off","Off","Off","Off","251.1","0","Off","Off","Off","1"
"162","REH (E) VentureO","442.55000","447.55000","D-Digital","High","12.5K","Off","Off","Venture Overland","Group Call","TJ Ricou","Always","Carrier","Off","1","1","1","Off","1","1","None","None","Off","Off","Off","Off","Normal Encryption","Off","Off","Off","Off","251.1","0","Off","Off","Off","1"
"163","REH (E) Beth LAK","442.55000","447.55000","D-Digital","High","12.5K","Off","Off","_Beth 0342_","Private Call","TJ Ricou","ChannelFree","Carrier","Off","1","1","1","Off","1","1","None","None","Off","Off","Off","Off","Normal Encryption","Off","Off","Off","Off","251.1","1","Off","Off","Off","1"
"164","REH (E) ChrisESK","442.55000","447.55000","D-Digital","High","12.5K","Off","Off","_Christian 0304","Private Call","TJ Ricou","ChannelFree","Carrier","Off","1","1","1","Off","1","1","None","None","Off","Off","Off","Off","Normal Encryption","Off","Off","Off","Off","251.1","1","Off","Off","Off","1"
"165","REH (E)Denis DIL","442.55000","447.55000","D-Digital","High","12.5K","Off","Off","_Denis 1796_","Private Call","TJ Ricou","Always","Carrier","Off","1","1","1","Off","1","1","None","None","Off","Off","Off","Off","Normal Encryption","Off","Off","Off","Off","251.1","0","Off","Off","Off","1"
"166","REH (E) Don EEK","442.55000","447.55000","D-Digital","High","12.5K","Off","Off","_Don 0356_","Private Call","TJ Ricou","ChannelFree","Carrier","Off","1","1","1","Off","1","1","None","None","Off","Off","Off","Off","Normal Encryption","Off","Off","Off","Off","251.1","1","Off","Off","Off","1"
"167","REH (E) Jack XTT","442.55000","447.55000","D-Digital","High","12.5K","Off","Off","_Jack 0238_","Private Call","TJ Ricou","ChannelFree","Carrier","Off","1","1","1","Off","1","1","None","None","Off","Off","Off","Off","Normal Encryption","Off","Off","Off","Off","251.1","1","Off","Off","Off","1"
"168","REH (E) Luc LDC","442.55000","447.55000","D-Digital","High","12.5K","Off","Off","_Luc 3466_","Private Call","TJ Ricou","ChannelFree","Carrier","Off","1","1","1","Off","1","1","None","None","Off","Off","Off","Off","Normal Encryption","Off","Off","Off","Off","251.1","1","Off","Off","Off","1"
"169","REH (E)Peter1YOW","442.55000","447.55000","D-Digital","High","12.5K","Off","Off","_Peter 3065_","Private Call","TJ Ricou","ChannelFree","Carrier","Off","1","1","1","Off","1","1","None","None","Off","Off","Off","Off","Normal Encryption","Off","Off","Off","Off","251.1","1","Off","Off","Off","1"
"170","REH (E)Peter2YOW","442.55000","447.55000","D-Digital","High","12.5K","Off","Off","_Peter 3212_","Private Call","TJ Ricou","ChannelFree","Carrier","Off","1","1","1","Off","1","1","None","None","Off","Off","Off","Off","Normal Encryption","Off","Off","Off","Off","251.1","1","Off","Off","Off","1"
"171","REH (E) Reg WZN","442.55000","447.55000","D-Digital","High","12.5K","Off","Off","_Reg 0920_","Private Call","TJ Ricou","ChannelFree","Carrier","Off","1","1","1","Off","1","1","None","None","Off","Off","Off","Off","Normal Encryption","Off","Off","Off","Off","251.1","1","Off","Off","Off","1"
"172","REH (E) TracyTXN","442.55000","447.55000","D-Digital","High","12.5K","Off","Off","_Tracy 3078_","Private Call","TJ Ricou","ChannelFree","Carrier","Off","1","1","1","Off","1","1","None","None","Off","Off","Off","Off","Normal Encryption","Off","Off","Off","Off","251.1","1","Off","Off","Off","1"
"173","REH (E) VA3COC","442.55000","447.55000","D-Digital","Turbo","12.5K","Off","Off","_VA3COC Private_","Private Call","TJ Ricou","ChannelFree","Carrier","Off","1","1","1","Off","1","1","None","None","Off","Off","Off","Off","Normal Encryption","Off","Off","Off","Off","251.1","1","Off","Off","Off","1"
"174","REH (E) F-150 PR","442.55000","447.55000","D-Digital","High","12.5K","Off","Off","_SBO-OVSAR F-150","Private Call","TJ Ricou","Always","Carrier","Off","1","1","1","Off","1","1","None","None","Off","Off","Off","Off","Normal Encryption","Off","Off","Off","Off","251.1","0","Off","Off","Off","1"
"175","REH (E) UTV PR","442.55000","447.55000","D-Digital","High","12.5K","Off","Off","_SBO-OVSAR UTV","Private Call","TJ Ricou","ChannelFree","Carrier","Off","1","1","1","Off","1","1","None","None","Off","Off","Off","Off","Normal Encryption","Off","Off","Off","Off","251.1","1","Off","Off","Off","1"
"178","REH(N) 30239 SAR","444.15000","449.15000","D-Digital","High","12.5K","Off","Off","SAR TalkGroup","Group Call","TJ Ricou","ChannelFree","Carrier","Off","1","1","1","Off","1","1","None","None","Off","Off","Off","Off","Normal Encryption","Off","Off","Off","Off","251.1","1","Off","Off","Off","1"
"179","REH (N) 30236","444.15000","449.15000","D-Digital","High","12.5K","Off","Off","Canada-Link","Group Call","TJ Ricou","ChannelFree","Carrier","Off","1","1","1","Off","1","1","None","None","Off","Off","Off","Off","Normal Encryption","Off","Off","Off","Off","251.1","1","Off","Off","Off","1"
"180","REH (N) 302354","444.15000","449.15000","D-Digital","High","12.5K","Off","Off","L'Ange Gardien","Group Call","TJ Ricou","ChannelFree","Carrier","Off","1","1","1","Off","1","1","None","None","Off","Off","Off","Off","Normal Encryption","Off","Off","Off","Off","251.1","1","Off","Off","Off","1"
"181","REH (N) 302010","444.15000","449.15000","D-Digital","High","12.5K","Off","Off","VE3PRV Hammond","Group Call","TJ Ricou","ChannelFree","Carrier","Off","1","1","1","Off","1","1","None","None","Off","Off","Off","Off","Normal Encryption","Off","Off","Off","Off","251.1","1","Off","Off","Off","1"
"182","REH (N) 302","444.15000","449.15000","D-Digital","High","12.5K","Off","Off","Canada Wide","Group Call","TJ Ricou","ChannelFree","Carrier","Off","1","1","1","Off","1","1","None","None","Off","Off","Off","Off","Normal Encryption","Off","Off","Off","Off","251.1","1","Off","Off","Off","1"
"183","REH (N) 3022","444.15000","449.15000","D-Digital","High","12.5K","Off","Off","Province Quebec","Group Call","TJ Ricou","ChannelFree","Carrier","Off","1","1","1","Off","1","1","None","None","Off","Off","Off","Off","Normal Encryption","Off","Off","Off","Off","251.1","1","Off","Off","Off","1"
"184","REH (N) 3022911","444.15000","449.15000","D-Digital","High","12.5K","Off","Off","Disaster QC","Group Call","TJ Ricou","ChannelFree","Carrier","Off","1","1","1","Off","1","1","None","None","Off","Off","Off","Off","Normal Encryption","Off","Off","Off","Off","251.1","1","Off","Off","Off","1"
"185","REH (N) 3023","444.15000","449.15000","D-Digital","High","12.5K","Off","Off","Province Ontario","Group Call","TJ Ricou","ChannelFree","Carrier","Off","1","1","1","Off","1","1","None","None","Off","Off","Off","Off","Normal Encryption","Off","Off","Off","Off","251.1","1","Off","Off","Off","1"
"186","REH (N) 3023911","444.15000","449.15000","D-Digital","High","12.5K","Off","Off","Disaster ON","Group Call","TJ Ricou","ChannelFree","Carrier","Off","1","1","1","Off","1","1","None","None","Off","Off","Off","Off","Normal Encryption","Off","Off","Off","Off","251.1","1","Off","Off","Off","1"
"187","REH (N) TG-2","444.15000","449.15000","D-Digital","High","12.5K","Off","Off","TG-2 Local","Group Call","TJ Ricou","ChannelFree","Carrier","Off","1","1","1","Off","1","1","None","None","Off","Off","Off","Off","Normal Encryption","Off","Off","Off","Off","251.1","1","Off","Off","Off","1"
"188","REH (N) TG-8","444.15000","449.15000","D-Digital","High","12.5K","Off","Off","TG-8 Local","Group Call","TJ Ricou","ChannelFree","Carrier","Off","1","1","1","Off","1","1","None","None","Off","Off","Off","Off","Normal Encryption","Off","Off","Off","Off","251.1","1","Off","Off","Off","1"
"189","REH (N) Status","444.15000","449.15000","D-Digital","High","12.5K","Off","Off","_RPTR Status_","Private Call","TJ Ricou","ChannelFree","Carrier","Off","1","1","1","Off","1","1","None","None","Off","Off","Off","Off","Normal Encryption","Off","Off","Off","Off","251.1","1","Off","Off","Off","1"
"190","REH (N)Disconect","444.15000","449.15000","D-Digital","High","12.5K","Off","Off","_RPTR Disconnect","Private Call","TJ Ricou","ChannelFree","Carrier","Off","1","1","1","Off","1","1","None","None","Off","Off","Off","Off","Normal Encryption","Off","Off","Off","Off","251.1","1","Off","Off","Off","1"
"191","REH (N) Parrot","444.15000","449.15000","D-Digital","High","12.5K","Off","Off","_RPTR Parrot BM_","Private Call","TJ Ricou","Always","Carrier","Off","1","1","1","Off","1","1","None","None","Off","Off","Off","Off","Normal Encryption","Off","Off","Off","Off","251.1","0","Off","Off","Off","1"
"194","REH (N) Beth LAK","444.15000","449.15000","D-Digital","High","12.5K","Off","Off","_Beth 0342_","Private Call","TJ Ricou","ChannelFree","Carrier","Off","1","1","1","Off","1","1","None","None","Off","Off","Off","Off","Normal Encryption","Off","Off","Off","Off","251.1","1","Off","Off","Off","1"
"195","REH (N) ChrisESK","444.15000","449.15000","D-Digital","High","12.5K","Off","Off","_Christian 0304","Private Call","TJ Ricou","ChannelFree","Carrier","Off","1","1","1","Off","1","1","None","None","Off","Off","Off","Off","Normal Encryption","Off","Off","Off","Off","251.1","1","Off","Off","Off","1"
"196","REH (N) Dan GLB","444.15000","449.15000","D-Digital","High","12.5K","Off","Off","_Daniel 1818_","Private Call","TJ Ricou","Always","Carrier","Off","1","1","1","Off","1","1","None","None","Off","Off","Off","Off","Normal Encryption","Off","Off","Off","Off","251.1","0","Off","Off","Off","1"
"197","REH (N)Denis DIL","444.15000","449.15000","D-Digital","High","12.5K","Off","Off","_Denis 1796_","Private Call","TJ Ricou","Always","Carrier","Off","1","1","1","Off","1","1","None","None","Off","Off","Off","Off","Normal Encryption","Off","Off","Off","Off","251.1","0","Off","Off","Off","1"
"198","REH (N) Don EEK","444.15000","449.15000","D-Digital","High","12.5K","Off","Off","_Don 0356_","Private Call","TJ Ricou","ChannelFree","Carrier","Off","1","1","1","Off","1","1","None","None","Off","Off","Off","Off","Normal Encryption","Off","Off","Off","Off","251.1","1","Off","Off","Off","1"
"199","REH (N) Jack XTT","444.15000","449.15000","D-Digital","High","12.5K","Off","Off","_Jack 0238_","Private Call","TJ Ricou","ChannelFree","Carrier","Off","1","1","1","Off","1","1","None","None","Off","Off","Off","Off","Normal Encryption","Off","Off","Off","Off","251.1","1","Off","Off","Off","1"
"200","REH (N) Luc LDC","444.15000","449.15000","D-Digital","High","12.5K","Off","Off","_Luc 3466_","Private Call","TJ Ricou","ChannelFree","Carrier","Off","1","1","1","Off","1","1","None","None","Off","Off","Off","Off","Normal Encryption","Off","Off","Off","Off","251.1","1","Off","Off","Off","1"
"201","REH (N)Peter1YOW","444.15000","449.15000","D-Digital","High","12.5K","Off","Off","_Peter 3065_","Private Call","TJ Ricou","ChannelFree","Carrier","Off","1","1","1","Off","1","1","None","None","Off","Off","Off","Off","Normal Encryption","Off","Off","Off","Off","251.1","1","Off","Off","Off","1"
"202","REH (N)Peter2YOW","444.15000","449.15000","D-Digital","High","12.5K","Off","Off","_Peter 3212_","Private Call","TJ Ricou","ChannelFree","Carrier","Off","1","1","1","Off","1","1","None","None","Off","Off","Off","Off","Normal Encryption","Off","Off","Off","Off","251.1","1","Off","Off","Off","1"
"203","REH (N) Reg WZN","444.15000","449.15000","D-Digital","High","12.5K","Off","Off","_Reg 0920_","Private Call","TJ Ricou","ChannelFree","Carrier","Off","1","1","1","Off","1","1","None","None","Off","Off","Off","Off","Normal Encryption","Off","Off","Off","Off","251.1","1","Off","Off","Off","1"
"204","REH (N) TracyTXN","444.15000","449.15000","D-Digital","High","12.5K","Off","Off","_Tracy 3078_","Private Call","TJ Ricou","ChannelFree","Carrier","Off","1","1","1","Off","1","1","None","None","Off","Off","Off","Off","Normal Encryption","Off","Off","Off","Off","251.1","1","Off","Off","Off","1"
"205","REH (N) VA3COC","444.15000","449.15000","D-Digital","High","12.5K","Off","Off","_VA3COC Private_","Private Call","TJ Ricou","ChannelFree","Carrier","Off","1","1","1","Off","1","1","None","None","Off","Off","Off","Off","Normal Encryption","Off","Off","Off","Off","251.1","1","Off","Off","Off","1"
"206","REH (N) F-150 PR","444.15000","449.15000","D-Digital","High","12.5K","Off","Off","_SBO-OVSAR F-150","Private Call","TJ Ricou","Always","Carrier","Off","1","1","1","Off","1","1","None","None","Off","Off","Off","Off","Normal Encryption","Off","Off","Off","Off","251.1","0","Off","Off","Off","1"
"207","REH (N) UTV PR","444.15000","449.15000","D-Digital","High","12.5K","Off","Off","_SBO-OVSAR UTV","Private Call","TJ Ricou","ChannelFree","Carrier","Off","1","1","1","Off","1","1","None","None","Off","Off","Off","Off","Normal Encryption","Off","Off","Off","Off","251.1","1","Off","Off","Off","1"
"210","AV 01 146.415","146.41500","146.41500","A-Analog","High","25K","Off","Off","Analog","Group Call","TJ Ricou","Off","Carrier","Off","1","1","1","Off","1","1","None","None","Off","Off","Off","Off","Normal Encryption","Off","Off","Off","Off","251.1","0","Off","Off","Off","1"
"211","AV 02 146.430","146.43000","146.43000","A-Analog","High","25K","Off","Off","Analog","Group Call","TJ Ricou","Off","Carrier","Off","1","1","1","Off","1","1","None","None","Off","Off","Off","Off","Normal Encryption","Off","Off","Off","Off","251.1","0","Off","Off","Off","1"
"212","AV 03 146.445","146.44500","146.44500","A-Analog","High","25K","Off","Off","Analog","Group Call","TJ Ricou","Off","Carrier","Off","1","1","1","Off","1","1","None","None","Off","Off","Off","Off","Normal Encryption","Off","Off","Off","Off","251.1","0","Off","Off","Off","1"
"213","AV 04 146.460","146.46000","146.46000","A-Analog","High","25K","Off","Off","Analog","Group Call","TJ Ricou","Off","Carrier","Off","1","1","1","Off","1","1","None","None","Off","Off","Off","Off","Normal Encryption","Off","Off","Off","Off","251.1","0","Off","Off","Off","1"
"214","AV 05 146.475","146.47500","146.47500","A-Analog","High","25K","Off","Off","Analog","Group Call","TJ Ricou","Off","Carrier","Off","1","1","1","Off","1","1","None","None","Off","Off","Off","Off","Normal Encryption","Off","Off","Off","Off","251.1","0","Off","Off","Off","1"
"215","AV 06 146.490","146.49000","146.49000","A-Analog","High","25K","Off","Off","Analog","Group Call","TJ Ricou","Off","Carrier","Off","1","1","1","Off","1","1","None","None","Off","Off","Off","Off","Normal Encryption","Off","Off","Off","Off","251.1","0","Off","Off","Off","1"
"216","AV 07 146.505","146.50500","146.50500","A-Analog","High","25K","Off","Off","Analog","Group Call","TJ Ricou","Off","Carrier","Off","1","1","1","Off","1","1","None","None","Off","Off","Off","Off","Normal Encryption","Off","Off","Off","Off","251.1","0","Off","Off","Off","1"
"217","AV 08 146.520","146.52000","146.52000","A-Analog","High","25K","Off","Off","Analog","Group Call","TJ Ricou","Off","Carrier","Off","1","1","1","Off","1","1","None","None","Off","Off","Off","Off","Normal Encryption","Off","Off","Off","Off","251.1","0","Off","Off","Off","1"
"218","AV 09 146.535","146.53500","146.53500","A-Analog","High","25K","Off","Off","Analog","Group Call","TJ Ricou","Off","Carrier","Off","1","1","1","Off","1","1","None","None","Off","Off","Off","Off","Normal Encryption","Off","Off","Off","Off","251.1","0","Off","Off","Off","1"
"219","AV 10 146.550","146.55000","146.55000","A-Analog","High","25K","Off","Off","Analog","Group Call","TJ Ricou","Off","Carrier","Off","1","1","1","Off","1","1","None","None","Off","Off","Off","Off","Normal Encryption","Off","Off","Off","Off","251.1","0","Off","Off","Off","1"
"220","AV 11 146.565","146.56500","146.56500","A-Analog","High","25K","Off","Off","Analog","Group Call","TJ Ricou","Off","Carrier","Off","1","1","1","Off","1","1","None","None","Off","Off","Off","Off","Normal Encryption","Off","Off","Off","Off","251.1","0","Off","Off","Off","1"
"221","AV 12 146.580","146.58000","146.58000","A-Analog","High","25K","Off","Off","Analog","Group Call","TJ Ricou","Off","Carrier","Off","1","1","1","Off","1","1","None","None","Off","Off","Off","Off","Normal Encryption","Off","Off","Off","Off","251.1","0","Off","Off","Off","1"
"222","AV 13 146.595","146.59500","146.59500","A-Analog","High","25K","Off","Off","Analog","Group Call","TJ Ricou","Off","Carrier","Off","1","1","1","Off","1","1","None","None","Off","Off","Off","Off","Normal Encryption","Off","Off","Off","Off","251.1","0","Off","Off","Off","1"
"223","AV 14 147.420","147.42000","147.42000","A-Analog","High","25K","Off","Off","Analog","Group Call","TJ Ricou","Off","Carrier","Off","1","1","1","Off","1","1","None","None","Off","Off","Off","Off","Normal Encryption","Off","Off","Off","Off","251.1","0","Off","Off","Off","1"
"224","AV 15 147.450","147.45000","147.45000","A-Analog","High","25K","Off","Off","Analog","Group Call","TJ Ricou","Off","Carrier","Off","1","1","1","Off","1","1","None","None","Off","Off","Off","Off","Normal Encryption","Off","Off","Off","Off","251.1","0","Off","Off","Off","1"
"225","AV 16 147.480","147.48000","147.48000","A-Analog","High","25K","Off","Off","Analog","Group Call","TJ Ricou","Off","Carrier","Off","1","1","1","Off","1","1","None","None","Off","Off","Off","Off","Normal Encryption","Off","Off","Off","Off","251.1","0","Off","Off","Off","1"
"226","AV 17 147.510","147.51000","147.51000","A-Analog","High","25K","Off","Off","Analog","Group Call","TJ Ricou","Off","Carrier","Off","1","1","1","Off","1","1","None","None","Off","Off","Off","Off","Normal Encryption","Off","Off","Off","Off","251.1","0","Off","Off","Off","1"
"227","AV 18 147.540","147.54000","147.54000","A-Analog","High","25K","Off","Off","Analog","Group Call","TJ Ricou","Off","Carrier","Off","1","1","1","Off","1","1","None","None","Off","Off","Off","Off","Normal Encryption","Off","Off","Off","Off","251.1","0","Off","Off","Off","1"
"228","AV 19 147.570","147.57000","147.57000","A-Analog","High","25K","Off","Off","Analog","Group Call","TJ Ricou","Off","Carrier","Off","1","1","1","Off","1","1","None","None","Off","Off","Off","Off","Normal Encryption","Off","Off","Off","Off","251.1","0","Off","Off","Off","1"
"229","AV 20 446.000","446.00000","446.00000","A-Analog","High","25K","Off","Off","Analog","Group Call","TJ Ricou","Off","Carrier","Off","1","1","1","Off","1","1","None","None","Off","Off","Off","Off","Normal Encryption","Off","Off","Off","Off","251.1","0","Off","Off","Off","1"
"230","AV 21 446.025","446.02500","446.02500","A-Analog","High","25K","Off","Off","Analog","Group Call","TJ Ricou","Off","Carrier","Off","1","1","1","Off","1","1","None","None","Off","Off","Off","Off","Normal Encryption","Off","Off","Off","Off","251.1","0","Off","Off","Off","1"
"231","AV 22 446.050","446.05000","446.05000","A-Analog","High","25K","Off","Off","Analog","Group Call","TJ Ricou","Off","Carrier","Off","1","1","1","Off","1","1","None","None","Off","Off","Off","Off","Normal Encryption","Off","Off","Off","Off","251.1","0","Off","Off","Off","1"
"232","AV 23 446.075","446.07500","446.07500","A-Analog","High","25K","Off","Off","Analog","Group Call","TJ Ricou","Off","Carrier","Off","1","1","1","Off","1","1","None","None","Off","Off","Off","Off","Normal Encryption","Off","Off","Off","Off","251.1","0","Off","Off","Off","1"
"233","AV 24 446.100","446.10000","446.10000","A-Analog","High","25K","Off","Off","Analog","Group Call","TJ Ricou","Off","Carrier","Off","1","1","1","Off","1","1","None","None","Off","Off","Off","Off","Normal Encryption","Off","Off","Off","Off","251.1","0","Off","Off","Off","1"
"234","AV 25 446.125","446.12500","446.12500","A-Analog","High","25K","Off","Off","Analog","Group Call","TJ Ricou","Off","Carrier","Off","1","1","1","Off","1","1","None","None","Off","Off","Off","Off","Normal Encryption","Off","Off","Off","Off","251.1","0","Off","Off","Off","1"
"235","AV 26 446.150","446.15000","446.15000","A-Analog","High","25K","Off","Off","Analog","Group Call","TJ Ricou","Off","Carrier","Off","1","1","1","Off","1","1","None","None","Off","Off","Off","Off","Normal Encryption","Off","Off","Off","Off","251.1","0","Off","Off","Off","1"
"236","AV 27 446.175","446.17500","446.17500","A-Analog","High","25K","Off","Off","Analog","Group Call","TJ Ricou","Off","Carrier","Off","1","1","1","Off","1","1","None","None","Off","Off","Off","Off","Normal Encryption","Off","Off","Off","Off","251.1","0","Off","Off","Off","1"
"240","DV 01 147.435","147.43500","147.43500","D-Digital","High","12.5K","Off","Off","Simplex 99","Group Call","TJ Ricou","Always","Carrier","Off","1","1","1","Off","1","1","None","None","Off","Off","Off","Off","Normal Encryption","Off","Off","Off","Off","251.1","0","Off","Off","Off","1"
"241","DV 02 147.465","147.46500","147.46500","D-Digital","High","12.5K","Off","Off","Simplex 99","Group Call","TJ Ricou","Always","Carrier","Off","1","1","1","Off","1","1","None","None","Off","Off","Off","Off","Normal Encryption","Off","Off","Off","Off","251.1","0","Off","Off","Off","1"
"242","DV 03 147.495","147.49500","147.49500","D-Digital","High","12.5K","Off","Off","Simplex 99","Group Call","TJ Ricou","Always","Carrier","Off","1","1","1","Off","1","1","None","None","Off","Off","Off","Off","Normal Encryption","Off","Off","Off","Off","251.1","0","Off","Off","Off","1"
"243","DV 04 147.525","147.52500","147.52500","D-Digital","High","12.5K","Off","Off","Simplex 99","Group Call","TJ Ricou","Always","Carrier","Off","1","1","1","Off","1","1","None","None","Off","Off","Off","Off","Normal Encryption","Off","Off","Off","Off","251.1","0","Off","Off","Off","1"
"244","DV 05 147.555","147.55500","147.55500","D-Digital","High","12.5K","Off","Off","Simplex 99","Group Call","TJ Ricou","Always","Carrier","Off","1","1","1","Off","1","1","None","None","Off","Off","Off","Off","Normal Encryption","Off","Off","Off","Off","251.1","0","Off","Off","Off","1"
"245","DV 06 147.585","147.58500","147.58500","D-Digital","High","12.5K","Off","Off","Simplex 99","Group Call","TJ Ricou","Always","Carrier","Off","1","1","1","Off","1","1","None","None","Off","Off","Off","Off","Normal Encryption","Off","Off","Off","Off","251.1","0","Off","Off","Off","1"
"247","DV 07 445.800","445.80000","445.80000","D-Digital","High","12.5K","Off","Off","Simplex 99","Group Call","TJ Ricou","Always","Carrier","Off","1","1","1","Off","1","1","None","None","Off","Off","Off","Off","Normal Encryption","Off","Off","Off","Off","251.1","0","Off","Off","Off","1"
"248","DV 08 445.825","445.82500","445.82500","D-Digital","High","12.5K","Off","Off","Simplex 99","Group Call","TJ Ricou","Always","Carrier","Off","1","1","1","Off","1","1","None","None","Off","Off","Off","Off","Normal Encryption","Off","Off","Off","Off","251.1","0","Off","Off","Off","1"
"249","DV 09 445.850","445.85000","445.85000","D-Digital","High","12.5K","Off","Off","Simplex 99","Group Call","TJ Ricou","Always","Carrier","Off","1","1","1","Off","1","1","None","None","Off","Off","Off","Off","Normal Encryption","Off","Off","Off","Off","251.1","0","Off","Off","Off","1"
"250","DV 10 445.900","445.90000","445.90000","D-Digital","High","12.5K","Off","Off","Simplex 99","Group Call","TJ Ricou","Always","Carrier","Off","1","1","1","Off","1","1","None","None","Off","Off","Off","Off","Normal Encryption","Off","Off","Off","Off","251.1","0","Off","Off","Off","1"
"251","DV 11 445.925","445.92500","445.92500","D-Digital","High","12.5K","Off","Off","Simplex 99","Group Call","TJ Ricou","Always","Carrier","Off","1","1","1","Off","1","1","None","None","Off","Off","Off","Off","Normal Encryption","Off","Off","Off","Off","251.1","0","Off","Off","Off","1"
"252","DV 12 445.950","445.95000","445.95000","D-Digital","High","12.5K","Off","Off","Simplex 99","Group Call","TJ Ricou","Always","Carrier","Off","1","1","1","Off","1","1","None","None","Off","Off","Off","Off","Normal Encryption","Off","Off","Off","Off","251.1","0","Off","Off","Off","1"
"253","DV 13 445.975","445.97500","445.97500","D-Digital","High","12.5K","Off","Off","Simplex 99","Group Call","TJ Ricou","Always","Carrier","Off","1","1","1","Off","1","1","None","None","Off","Off","Off","Off","Normal Encryption","Off","Off","Off","Off","251.1","0","Off","Off","Off","1"
"255","DV 14 446.800","446.80000","446.80000","D-Digital","High","12.5K","Off","Off","Simplex 99","Group Call","TJ Ricou","Always","Carrier","Off","1","1","1","Off","1","1","None","None","Off","Off","Off","Off","Normal Encryption","Off","Off","Off","Off","251.1","0","Off","Off","Off","1"
"256","DV 15 446.825","446.82500","446.82500","D-Digital","High","12.5K","Off","Off","Simplex 99","Group Call","TJ Ricou","Always","Carrier","Off","1","1","1","Off","1","1","None","None","Off","Off","Off","Off","Normal Encryption","Off","Off","Off","Off","251.1","0","Off","Off","Off","1"
"257","DV 16 446.850","446.85000","446.85000","D-Digital","High","12.5K","Off","Off","Simplex 99","Group Call","TJ Ricou","Always","Carrier","Off","1","1","1","Off","1","1","None","None","Off","Off","Off","Off","Normal Encryption","Off","Off","Off","Off","251.1","0","Off","Off","Off","1"
"258","DV 17 446.900","446.90000","446.90000","D-Digital","High","12.5K","Off","Off","Simplex 99","Group Call","TJ Ricou","Always","Carrier","Off","1","1","1","Off","1","1","None","None","Off","Off","Off","Off","Normal Encryption","Off","Off","Off","Off","251.1","0","Off","Off","Off","1"
"259","DV 18 446.925","446.92500","446.92500","D-Digital","High","12.5K","Off","Off","Simplex 99","Group Call","TJ Ricou","Always","Carrier","Off","1","1","1","Off","1","1","None","None","Off","Off","Off","Off","Normal Encryption","Off","Off","Off","Off","251.1","0","Off","Off","Off","1"
"260","DV 19 446.950","446.95000","446.95000","D-Digital","High","12.5K","Off","Off","Simplex 99","Group Call","TJ Ricou","Always","Carrier","Off","1","1","1","Off","1","1","None","None","Off","Off","Off","Off","Normal Encryption","Off","Off","Off","Off","251.1","0","Off","Off","Off","1"
"261","DV 20 446.975","446.97500","446.97500","D-Digital","High","12.5K","Off","Off","Simplex 99","Group Call","TJ Ricou","Always","Carrier","Off","1","1","1","Off","1","1","None","None","Off","Off","Off","Off","Normal Encryption","Off","Off","Off","Off","251.1","0","Off","Off","Off","1"
"300","VE3PRV 30239 SAR","442.85000","447.85000","D-Digital","High","12.5K","Off","Off","SAR TalkGroup","Group Call","TJ Ricou","Always","Carrier","Off","1","1","1","Off","1","2","None","None","Off","Off","Off","Off","Normal Encryption","Off","Off","Off","Off","251.1","0","Off","Off","Off","1"
"301","VE3PRV REG E3WZN","442.85000","447.85000","D-Digital","High","12.5K","Off","Off","_Reg 0920_","Private Call","TJ Ricou","Always","Carrier","Off","1","1","1","Off","1","2","None","None","Off","Off","Off","Off","Normal Encryption","Off","Off","Off","Off","251.1","0","Off","Off","Off","1"
"302","VE3PRV Jack XTT","442.85000","447.85000","D-Digital","High","12.5K","Off","Off","_Jack 0238_","Private Call","TJ Ricou","Always","Carrier","Off","1","1","1","Off","1","2","None","None","Off","Off","Off","Off","Normal Encryption","Off","Off","Off","Off","251.1","0","Off","Off","Off","1"
"303","VE3PRV F-150","442.85000","447.85000","D-Digital","High","12.5K","Off","Off","_SBO-OVSAR F-150","Private Call","TJ Ricou","Always","Carrier","Off","1","1","1","Off","1","2","None","None","Off","Off","Off","Off","Normal Encryption","Off","Off","Off","Off","251.1","0","Off","Off","Off","1"
"304","VE3PRV UTV","442.85000","447.85000","D-Digital","High","12.5K","Off","Off","_SBO-OVSAR UTV","Private Call","TJ Ricou","Always","Carrier","Off","1","1","1","Off","1","2","None","None","Off","Off","Off","Off","Normal Encryption","Off","Off","Off","Off","251.1","0","Off","Off","Off","1"
"305","VE3PRV Status","442.85000","447.85000","D-Digital","High","12.5K","Off","Off","_RPTR Status_","Private Call","TJ Ricou","Always","Carrier","Off","1","1","1","Off","1","2","None","None","Off","Off","Off","Off","Normal Encryption","Off","Off","Off","Off","251.1","0","Off","Off","Off","1"
"306","VE3PRV Parrot","442.85000","447.85000","D-Digital","High","12.5K","Off","Off","Analog","Group Call","TJ Ricou","Always","Carrier","Off","1","1","1","Off","1","2","None","None","Off","Off","Off","Off","Normal Encryption","Off","Off","Off","Off","251.1","0","Off","Off","Off","1"
"3960","F01-FRS01-GMRS02","462.56250","462.56250","A-Analog","Low","25K","Off","Off","Analog","Group Call","TJ Ricou","Off","Carrier","Off","1","1","1","Off","0","2","None","None","Off","Off","Off","Off","Normal Encryption","Off","Off","Off","Off","251.1","1","Off","Off","Off","1"
"3961","F02-FRS02-GMRS04","462.58750","462.58750","A-Analog","Low","25K","Off","Off","Analog","Group Call","TJ Ricou","Off","Carrier","Off","1","1","1","Off","0","2","None","None","Off","Off","Off","Off","Normal Encryption","Off","Off","Off","Off","251.1","1","Off","Off","Off","1"
"3962","F03-FRS03-GMRS06","462.61250","462.61250","A-Analog","Low","25K","Off","Off","Analog","Group Call","TJ Ricou","Off","Carrier","Off","1","1","1","Off","0","2","None","None","Off","Off","Off","Off","Normal Encryption","Off","Off","Off","Off","251.1","1","Off","Off","Off","1"
"3963","F04-FRS04-GMRS08","462.63750","462.63750","A-Analog","Low","25K","Off","Off","Analog","Group Call","TJ Ricou","Off","Carrier","Off","1","1","1","Off","0","2","None","None","Off","Off","Off","Off","Normal Encryption","Off","Off","Off","Off","251.1","1","Off","Off","Off","1"
"3964","F05-FRS05-GMRS10","462.66250","462.66250","A-Analog","Low","25K","Off","Off","Analog","Group Call","TJ Ricou","Off","Carrier","Off","1","1","1","Off","0","2","None","None","Off","Off","Off","Off","Normal Encryption","Off","Off","Off","Off","251.1","1","Off","Off","Off","1"
"3965","F06-FRS06-GMRS12","462.68750","462.68750","A-Analog","Low","25K","Off","Off","Analog","Group Call","TJ Ricou","Off","Carrier","Off","1","1","1","Off","0","2","None","None","Off","Off","Off","Off","Normal Encryption","Off","Off","Off","Off","251.1","1","Off","Off","Off","1"
"3966","F07-FRS07-GMRS14","462.71250","462.71250","A-Analog","Low","25K","Off","Off","Analog","Group Call","TJ Ricou","Off","Carrier","Off","1","1","1","Off","0","2","None","None","Off","Off","Off","Off","Normal Encryption","Off","Off","Off","Off","251.1","1","Off","Off","Off","1"
"3967","F08-FRS 08","467.56250","467.56250","A-Analog","Low","25K","Off","Off","Analog","Group Call","TJ Ricou","Off","Carrier","Off","1","1","1","Off","0","2","None","None","Off","Off","Off","Off","Normal Encryption","Off","Off","Off","Off","251.1","1","Off","Off","Off","1"
"3968","F09-FRS 09","467.58750","467.58750","A-Analog","Low","25K","Off","Off","Analog","Group Call","TJ Ricou","Off","Carrier","Off","1","1","1","Off","0","2","None","None","Off","Off","Off","Off","Normal Encryption","Off","Off","Off","Off","251.1","1","Off","Off","Off","1"
"3969","F10-FRS 10","467.61250","467.61250","A-Analog","Low","25K","Off","Off","Analog","Group Call","TJ Ricou","Off","Carrier","Off","1","1","1","Off","0","2","None","None","Off","Off","Off","Off","Normal Encryption","Off","Off","Off","Off","251.1","1","Off","Off","Off","1"
"3970","F11-FRS 11","467.63750","467.63750","A-Analog","Low","25K","Off","Off","Analog","Group Call","TJ Ricou","Off","Carrier","Off","1","1","1","Off","0","2","None","None","Off","Off","Off","Off","Normal Encryption","Off","Off","Off","Off","251.1","1","Off","Off","Off","1"
"3971","F12-FRS 12","467.66250","467.66250","A-Analog","Low","25K","Off","Off","Analog","Group Call","TJ Ricou","Off","Carrier","Off","1","1","1","Off","0","2","None","None","Off","Off","Off","Off","Normal Encryption","Off","Off","Off","Off","251.1","1","Off","Off","Off","1"
"3972","F13-FRS 13","467.68750","467.68750","A-Analog","Low","25K","Off","Off","Analog","Group Call","TJ Ricou","Off","Carrier","Off","1","1","1","Off","0","2","None","None","Off","Off","Off","Off","Normal Encryption","Off","Off","Off","Off","251.1","1","Off","Off","Off","1"
"3973","F14-FRS 14","467.71250","467.71250","A-Analog","Low","25K","Off","Off","Analog","Group Call","TJ Ricou","Off","Carrier","Off","1","1","1","Off","0","2","None","None","Off","Off","Off","Off","Normal Encryption","Off","Off","Off","Off","251.1","1","Off","Off","Off","1"
"3974","F15-GMRS 01","462.55000","462.55000","A-Analog","Low","25K","Off","Off","Analog","Group Call","TJ Ricou","Off","Carrier","Off","1","1","1","Off","0","2","None","None","Off","Off","Off","Off","Normal Encryption","Off","Off","Off","Off","251.1","1","Off","Off","Off","1"
"3975","F16-GMRS 03","462.57500","462.57500","A-Analog","Low","25K","Off","Off","Analog","Group Call","TJ Ricou","Off","Carrier","Off","1","1","1","Off","0","2","None","None","Off","Off","Off","Off","Normal Encryption","Off","Off","Off","Off","251.1","1","Off","Off","Off","1"
"3976","F17-GMRS 05","462.60000","462.60000","A-Analog","Low","25K","Off","Off","Analog","Group Call","TJ Ricou","Off","Carrier","Off","1","1","1","Off","0","2","None","None","Off","Off","Off","Off","Normal Encryption","Off","Off","Off","Off","251.1","1","Off","Off","Off","1"
"3977","F18-GMRS 07","462.62500","462.62500","A-Analog","Low","25K","Off","Off","Analog","Group Call","TJ Ricou","Off","Carrier","Off","1","1","1","Off","0","2","None","None","Off","Off","Off","Off","Normal Encryption","Off","Off","Off","Off","251.1","1","Off","Off","Off","1"
"3978","F19-GMRS 09","462.65000","462.65000","A-Analog","Low","25K","Off","Off","Analog","Group Call","TJ Ricou","Off","Carrier","Off","1","1","1","Off","0","2","None","None","Off","Off","Off","Off","Normal Encryption","Off","Off","Off","Off","251.1","1","Off","Off","Off","1"
"3979","F20-GMRS 11","462.67500","462.67500","A-Analog","Low","25K","Off","Off","Analog","Group Call","TJ Ricou","Off","Carrier","Off","1","1","1","Off","0","2","None","None","Off","Off","Off","Off","Normal Encryption","Off","Off","Off","Off","251.1","1","Off","Off","Off","1"
"3980","F21-GMRS 13","462.70000","462.70000","A-Analog","Low","25K","Off","Off","Analog","Group Call","TJ Ricou","Off","Carrier","Off","1","1","1","Off","0","2","None","None","Off","Off","Off","Off","Normal Encryption","Off","Off","Off","Off","251.1","1","Off","Off","Off","1"
"3981","F22-GMRS 15","462.72500","462.72500","A-Analog","Low","25K","Off","Off","Analog","Group Call","TJ Ricou","Off","Carrier","Off","1","1","1","Off","0","2","None","None","Off","Off","Off","Off","Normal Encryption","Off","Off","Off","Off","251.1","1","Off","Off","Off","1"
"3991","WX 1","162.40000","162.40000","A-Analog","Low","25K","Off","Off","Analog","Group Call","TJ Ricou","Off","Carrier","Off","1","1","1","Off","1","2","None","None","On","Off","Off","Off","Normal Encryption","Off","Off","Off","Off","251.1","1","Off","Off","Off","1"
"3992","WX 2","162.42500","162.42500","A-Analog","Low","25K","Off","Off","Analog","Group Call","TJ Ricou","Off","Carrier","Off","1","1","1","Off","1","2","None","None","On","Off","Off","Off","Normal Encryption","Off","Off","Off","Off","251.1","1","Off","Off","Off","1"
"3993","WX 3","162.45000","162.45000","A-Analog","Low","25K","Off","Off","Analog","Group Call","TJ Ricou","Off","Carrier","Off","1","1","1","Off","1","2","None","None","On","Off","Off","Off","Normal Encryption","Off","Off","Off","Off","251.1","1","Off","Off","Off","1"
"3994","WX 4","162.47500","162.47500","A-Analog","Low","25K","Off","Off","Analog","Group Call","TJ Ricou","Off","Carrier","Off","1","1","1","Off","1","2","None","None","On","Off","Off","Off","Normal Encryption","Off","Off","Off","Off","251.1","1","Off","Off","Off","1"
"3995","WX 5","162.50000","162.50000","A-Analog","Low","25K","Off","Off","Analog","Group Call","TJ Ricou","Off","Carrier","Off","1","1","1","Off","1","2","None","None","On","Off","Off","Off","Normal Encryption","Off","Off","Off","Off","251.1","1","Off","Off","Off","1"
"3996","WX 6","162.52500","162.52500","A-Analog","Low","25K","Off","Off","Analog","Group Call","TJ Ricou","Off","Carrier","Off","1","1","1","Off","1","2","None","None","On","Off","Off","Off","Normal Encryption","Off","Off","Off","Off","251.1","1","Off","Off","Off","1"
"3997","WX 7","162.55000","162.55000","A-Analog","Low","25K","Off","Off","Analog","Group Call","TJ Ricou","Off","Carrier","Off","1","1","1","Off","1","2","None","None","On","Off","Off","Off","Normal Encryption","Off","Off","Off","Off","251.1","1","Off","Off","Off","1"
"4001","Channel VFO A","222.00000","222.00000","A-Analog","Low","25K","Off","Off","Analog","Group Call","TJ Ricou","Off","Carrier","Off","1","1","1","Off","0","2","None","None","Off","Off","Off","Off","Normal Encryption","Off","Off","Off","Off","251.1","1","Off","Off","Off","1"
"4002","Channel VFO B","443.80000","443.80000","A-Analog","High","25K","Off","Off","Analog","Group Call","TJ Ricou","Off","Carrier","Off","1","1","1","Off","0","2","None","None","Off","Off","Off","Off","Normal Encryption","Off","Off","Off","Off","251.1","1","Off","Off","Off","1"
