AdmitCriteria,AllowTalkaround,Autoscan,Bandwidth,ChannelMode,ColorCode,ContactName,CtcssDecode,CtcssEncode,DCDMSwitch,DataCallConfirmed,Decode1,Decode2,Decode3,Decode4,Decode5,Decode6,Decode7,Decode8,DisplayPTTID,EmergencyAlarmAck,EmergencySystem,GPSSystem,GroupList,InCallCriteria,LeaderMS,LoneWorker,Name,Power,Privacy,PrivacyNumber,PrivateCallConfirmed,QtReverse,ReceiveGPSInfo,RepeaterSlot,ReverseBurst,RxFrequency,RxOnly,RxRefFrequency,RxSignallingSystem,ScanList,SendGPSInfo,Squelch,Talkaround,Tot,TotRekeyDelay,TxFrequencyOffset,TxRefFrequency,TxSignallingSystem,Vox
Always,Off,Off,12.5,Analog,1,Contact1,D152N,D152N,Off,Off,Off,Off,Off,Off,Off,Off,Off,Off,Off,Off,None,None,GroupList1,Always,Off,Off,SBO-OVSAR Ch1,High,None,1,Off,180,Off,1,On,163.62,Off,Low,Off,ScanList1,Off,2,Off,300,0,+0.00000,Low,Off,Off
Always,Off,Off,12.5,Analog,1,Contact1,D152N,D152N,Off,Off,Off,Off,Off,Off,Off,Off,Off,Off,Off,Off,None,None,GroupList1,Always,Off,Off,SBO-OVSAR Ch2,High,None,1,Off,180,Off,1,On,163.62,Off,Low,Off,ScanList1,Off,2,Off,300,0,-15.56000,Low,Off,Off
Always,Off,Off,12.5,Analog,1,Contact1,D152N,D152N,Off,Off,Off,Off,Off,Off,Off,Off,Off,Off,Off,Off,None,None,GroupList1,Always,Off,Off,SBO-OVSAR Ch3,High,None,1,Off,180,Off,1,On,149.08,Off,Low,Off,ScanList1,Off,2,Off,300,0,+0.00000,Low,Off,Off
Always,Off,Off,12.5,Analog,1,Contact1,D152N,D152N,Off,Off,Off,Off,Off,Off,Off,Off,Off,Off,Off,Off,None,None,GroupList1,Always,Off,Off,SBO-OVSAR Ch4,High,None,1,Off,180,Off,1,On,149.08,Off,Low,Off,ScanList1,Off,2,Off,300,0,-6.62500,Low,Off,Off
Always,Off,Off,12.5,Analog,1,Contact1,156.7,156.7,Off,Off,Off,Off,Off,Off,Off,Off,Off,Off,Off,Off,None,None,GroupList1,Always,Off,Off,SAR Interop Freq,High,None,1,Off,180,Off,1,On,149.08,Off,Low,Off,ScanList1,Off,2,Off,300,0,+0.00000,Low,Off,Off
Always,Off,Off,12.5,Analog,1,Contact1,D152N,D152N,Off,Off,Off,Off,Off,Off,Off,Off,Off,Off,Off,Off,None,None,GroupList1,Always,Off,Off,SBO Admin Ch6,High,None,1,Off,180,Off,1,On,151.115,Off,Low,Off,ScanList1,Off,2,Off,300,0,+0.00000,Low,Off,Off
Always,Off,Off,12.5,Analog,1,Contact1,None,None,Off,Off,Off,Off,Off,Off,Off,Off,Off,Off,Off,Off,None,None,GroupList1,Always,Off,Off,SBO-OVSAR Ch7,High,None,1,Off,180,Off,1,On,146.52,Off,Low,Off,ScanList1,Off,2,Off,300,0,+0.00000,Low,Off,Off
Always,Off,Off,12.5,Analog,1,Contact1,151.4,151.4,Off,Off,Off,Off,Off,Off,Off,Off,Off,Off,Off,Off,None,None,GroupList1,Always,Off,Off,OSARVA10,High,None,1,Off,180,Off,1,On,151.115,Off,Low,Off,ScanList1,Off,2,Off,300,0,+0.00000,Low,Off,Off
Always,Off,Off,25,Analog,1,Contact1,136.5,136.5,Off,Off,Off,Off,Off,Off,Off,Off,Off,Off,Off,Off,None,None,GroupList1,Always,Off,Off,EMGCTR VE3OCE(8),High,None,1,Off,180,Off,1,On,146.88,Off,Low,Off,ScanList1,Off,2,Off,300,0,-0.60000,Low,Off,Off
Always,Off,Off,25,Analog,1,Contact1,100.0,100.0,Off,Off,Off,Off,Off,Off,Off,Off,Off,Off,Off,Off,None,None,GroupList1,Always,Off,Off,EMGEST VA3EMV(9),High,None,1,Off,180,Off,1,On,146.985,Off,Low,Off,ScanList1,Off,2,Off,300,0,-0.60000,Low,Off,Off
Always,Off,Off,25,Analog,1,Contact1,123.0,123.0,Off,Off,Off,Off,Off,Off,Off,Off,Off,Off,Off,Off,None,None,GroupList1,Always,Off,Off,EMGWST VA3EMV(10,High,None,1,Off,180,Off,1,On,145.21,Off,Low,Off,ScanList1,Off,2,Off,300,0,-0.60000,Low,Off,Off
Always,Off,Off,25,Analog,1,Contact1,136.5,136.5,Off,Off,Off,Off,Off,Off,Off,Off,Off,Off,Off,Off,None,None,GroupList1,Always,Off,Off,EMGBAR VA3OFS(11,High,None,1,Off,180,Off,1,On,146.67,Off,Low,Off,ScanList1,Off,2,Off,300,0,-0.60000,Low,Off,Off
Always,Off,Off,25,Analog,1,Contact1,136.5,136.5,Off,Off,Off,Off,Off,Off,Off,Off,Off,Off,Off,Off,None,None,GroupList1,Always,Off,Off,EMGPRT VA3EMV/P,High,None,1,Off,180,Off,1,On,145.11,Off,Low,Off,ScanList1,Off,2,Off,300,0,-0.60000,Low,Off,Off
Always,Off,Off,25,Analog,1,Contact1,136.5,136.5,Off,Off,Off,Off,Off,Off,Off,Off,Off,Off,Off,Off,None,None,GroupList1,Always,Off,Off,EMGUHF VE3OCE(15,High,None,1,Off,180,Off,1,On,443.8,Off,Low,Off,ScanList1,Off,2,Off,300,0,+5.00000,Low,Off,Off
Always,Off,Off,25,Analog,1,Contact1,136.5,136.5,Off,Off,Off,Off,Off,Off,Off,Off,Off,Off,Off,Off,None,None,GroupList1,Always,Off,Off,EMRGU2 VE3EMU(16,High,None,1,Off,180,Off,1,On,444.95,Off,Low,Off,ScanList1,Off,2,Off,300,0,+0.50000,Low,Off,Off
Always,Off,Off,25,Analog,1,Contact1,110.9,110.9,Off,Off,Off,Off,Off,Off,Off,Off,Off,Off,Off,Off,None,None,GroupList1,Always,Off,Off,REHCTLY (23),High,None,1,Off,180,Off,1,On,147.105,Off,Low,Off,ScanList1,Off,2,Off,300,0,+0.60000,Low,Off,Off
Always,Off,Off,25,Analog,1,Contact1,123.0,123.0,Off,Off,Off,Off,Off,Off,Off,Off,Off,Off,Off,Off,None,None,GroupList1,Always,Off,Off,REHCF (29),High,None,1,Off,180,Off,1,On,147.36,Off,Low,Off,ScanList1,Off,2,Off,300,0,+0.60000,Low,Off,Off
Always,Off,Off,25,Analog,1,Contact1,103.5,110.9,Off,Off,Off,Off,Off,Off,Off,Off,Off,Off,Off,Off,None,None,GroupList1,Always,Off,Off,REH HULL (117),High,None,1,Off,180,Off,1,On,147.105,Off,Low,Off,ScanList1,Off,2,Off,300,0,+0.60000,Low,Off,Off
Always,Off,Off,25,Analog,1,Contact1,110.9,110.9,Off,Off,Off,Off,Off,Off,Off,Off,Off,Off,Off,Off,None,None,GroupList1,Always,Off,Off,REH GAT (118),High,None,1,Off,180,Off,1,On,145.33,Off,Low,Off,ScanList1,Off,2,Off,300,0,+2.37500,Low,Off,Off
Always,Off,Off,25,Analog,1,Contact1,110.9,110.9,Off,Off,Off,Off,Off,Off,Off,Off,Off,Off,Off,Off,None,None,GroupList1,Always,Off,Off,REH BUK (24),High,None,1,Off,180,Off,1,On,145.49,Off,Low,Off,ScanList1,Off,2,Off,300,0,-0.60000,Low,Off,Off
Always,Off,Off,25,Analog,1,Contact1,110.9,110.9,Off,Off,Off,Off,Off,Off,Off,Off,Off,Off,Off,Off,None,None,GroupList1,Always,Off,Off,REH PAK (25),High,None,1,Off,180,Off,1,On,145.33,Off,Low,Off,ScanList1,Off,2,Off,300,0,-0.60000,Low,Off,Off
Always,Off,Off,25,Analog,1,Contact1,110.9,110.9,Off,Off,Off,Off,Off,Off,Off,Off,Off,Off,Off,Off,None,None,GroupList1,Always,Off,Off,REH MSM (26),High,None,1,Off,180,Off,1,On,146.61,Off,Low,Off,ScanList1,Off,2,Off,300,0,-0.60000,Low,Off,Off
Always,Off,Off,25,Analog,1,Contact1,131.8,103.5,Off,Off,Off,Off,Off,Off,Off,Off,Off,Off,Off,Off,None,None,GroupList1,Always,Off,Off,REH MLR (27),High,None,1,Off,180,Off,1,On,147.105,Off,Low,Off,ScanList1,Off,2,Off,300,0,+0.60000,Low,Off,Off
Always,Off,Off,25,Analog,1,Contact1,114.8,114.8,Off,Off,Off,Off,Off,Off,Off,Off,Off,Off,Off,Off,None,None,GroupList1,Always,Off,Off,REH CB (28),High,None,1,Off,180,Off,1,On,147.39,Off,Low,Off,ScanList1,Off,2,Off,300,0,+0.60000,Low,Off,Off
Always,Off,Off,25,Analog,1,Contact1,100.0,100.0,Off,Off,Off,Off,Off,Off,Off,Off,Off,Off,Off,Off,None,None,GroupList1,Always,Off,Off,REH BF (30),High,None,1,Off,180,Off,1,On,147.17,Off,Low,Off,ScanList1,Off,2,Off,300,0,+0.79000,Low,Off,Off
Always,Off,Off,25,Analog,1,Contact1,146.2,146.2,Off,Off,Off,Off,Off,Off,Off,Off,Off,Off,Off,Off,None,None,GroupList1,Always,Off,Off,REH RPN (31),High,None,1,Off,180,Off,1,On,147.39,Off,Low,Off,ScanList1,Off,2,Off,300,0,+0.60000,Low,Off,Off
Always,Off,Off,25,Analog,1,Contact1,146.2,146.2,Off,Off,Off,Off,Off,Off,Off,Off,Off,Off,Off,Off,None,None,GroupList1,Always,Off,Off,REH SBR (120),High,None,1,Off,180,Off,1,On,145.13,Off,Low,Off,ScanList1,Off,2,Off,300,0,+0.00000,Low,Off,Off
Always,Off,Off,25,Analog,1,Contact1,136.5,146.2,Off,Off,Off,Off,Off,Off,Off,Off,Off,Off,Off,Off,None,None,GroupList1,Always,Off,Off,REH RIP (119),High,None,1,Off,180,Off,1,On,147.39,Off,Low,Off,ScanList1,Off,2,Off,300,0,+0.60000,Low,Off,Off
Always,Off,Off,25,Analog,1,Contact1,110.9,110.9,Off,Off,Off,Off,Off,Off,Off,Off,Off,Off,Off,Off,None,None,GroupList1,Always,Off,Off,REH MYO (44),High,None,1,Off,180,Off,1,On,145.49,Off,Low,Off,ScanList1,Off,2,Off,300,0,-0.60000,Low,Off,Off
Always,Off,Off,25,Analog,1,Contact1,110.9,110.9,Off,Off,Off,Off,Off,Off,Off,Off,Off,Off,Off,Off,None,None,GroupList1,Always,Off,Off,REH CMY (45),High,None,1,Off,180,Off,1,On,146.61,Off,Low,Off,ScanList1,Off,2,Off,300,0,+1.38000,Low,Off,Off
Always,Off,Off,25,Analog,1,Contact1,123.0,123.0,Off,Off,Off,Off,Off,Off,Off,Off,Off,Off,Off,Off,None,None,GroupList1,Always,Off,Off,REH PRT (46),High,None,1,Off,180,Off,1,On,144.1,Off,Low,Off,ScanList1,Off,2,Off,300,0,+3.47000,Low,Off,Off
Always,Off,Off,25,Analog,1,Contact1,123.0,123.0,Off,Off,Off,Off,Off,Off,Off,Off,Off,Off,Off,Off,None,None,GroupList1,Always,Off,Off,REH LDL (47),High,None,1,Off,180,Off,1,On,147.18,Off,Low,Off,ScanList1,Off,2,Off,300,0,+0.60000,Low,Off,Off
Always,Off,Off,25,Analog,1,Contact1,110.9,110.9,Off,Off,Off,Off,Off,Off,Off,Off,Off,Off,Off,Off,None,None,GroupList1,Always,Off,Off,REH SX,High,None,1,Off,180,Off,1,On,147.105,Off,Low,Off,ScanList1,Off,2,Off,300,0,+0.00000,Low,Off,Off
Always,Off,Off,25,Analog,1,Contact1,110.9,110.9,Off,Off,Off,Off,Off,Off,Off,Off,Off,Off,Off,Off,None,None,GroupList1,Always,Off,Off,REH HUB U (32),High,None,1,Off,180,Off,1,On,444.6,Off,Low,Off,ScanList1,Off,2,Off,300,0,+5.00000,Low,Off,Off
Always,Off,Off,25,Analog,1,Contact1,110.9,110.9,Off,Off,Off,Off,Off,Off,Off,Off,Off,Off,Off,Off,None,None,GroupList1,Always,Off,Off,REH U CLY (121),High,None,1,Off,180,Off,1,On,444.6,Off,Low,Off,ScanList1,Off,2,Off,300,0,+0.55000,Low,Off,Off
Always,Off,Off,25,Analog,1,Contact1,114.8,114.8,Off,Off,Off,Off,Off,Off,Off,Off,Off,Off,Off,Off,None,None,GroupList1,Always,Off,Off,REH MTL U (33),High,None,1,Off,180,Off,1,On,444.6,Off,Low,Off,ScanList1,Off,2,Off,300,0,+5.00000,Low,Off,Off
Always,Off,Off,25,Analog,1,Contact1,110.9,110.9,Off,Off,Off,Off,Off,Off,Off,Off,Off,Off,Off,Off,None,None,GroupList1,Always,Off,Off,REH U SX (122),High,None,1,Off,180,Off,1,On,444.6,Off,Low,Off,ScanList1,Off,2,Off,300,0,+0.00000,Low,Off,Off
Always,Off,Off,25,Analog,1,Contact1,110.9,110.9,Off,Off,Off,Off,Off,Off,Off,Off,Off,Off,Off,Off,None,None,GroupList1,Always,Off,Off,REH POR U (406),High,None,1,Off,180,Off,1,On,442.8,Off,Low,Off,ScanList1,Off,2,Off,300,0,+5.00000,Low,Off,Off
Always,Off,Off,25,Analog,1,Contact1,110.9,110.9,Off,Off,Off,Off,Off,Off,Off,Off,Off,Off,Off,Off,None,None,GroupList1,Always,Off,Off,REH U RIP (123),High,None,1,Off,180,Off,1,On,444.15,Off,Low,Off,ScanList1,Off,2,Off,300,0,+5.00000,Low,Off,Off
Always,Off,Off,25,Analog,1,Contact1,146.2,146.2,Off,Off,Off,Off,Off,Off,Off,Off,Off,Off,Off,Off,None,None,GroupList1,Always,Off,Off,REH U LDL (124),High,None,1,Off,180,Off,1,On,442.65,Off,Low,Off,ScanList1,Off,2,Off,300,0,+5.00000,Low,Off,Off
Always,Off,Off,25,Analog,1,Contact1,100.0,100.0,Off,Off,Off,Off,Off,Off,Off,Off,Off,Off,Off,Off,None,None,GroupList1,Always,Off,Off,VE3MPC,Low,None,1,Off,180,Off,1,On,147.15,Off,Low,Off,ScanList1,Off,2,Off,300,0,+0.60000,Low,Off,Off
Always,Off,Off,25,Analog,1,Contact1,100.0,100.0,Off,Off,Off,Off,Off,Off,Off,Off,Off,Off,Off,Off,None,None,GroupList1,Always,Off,Off,VE3TWO,Low,None,1,Off,180,Off,1,On,147.3,Off,Low,Off,ScanList1,Off,2,Off,300,0,+0.60000,Low,Off,Off
Always,Off,Off,25,Analog,1,Contact1,118.8,118.8,Off,Off,Off,Off,Off,Off,Off,Off,Off,Off,Off,Off,None,None,GroupList1,Always,Off,Off,VE2RAO-V,High,None,1,Off,180,Off,2,On,146.745,Off,Low,Off,ScanList1,Off,2,Off,300,0,-0.60000,Low,Off,Off
Always,Off,Off,25,Analog,1,Contact1,118.8,118.8,Off,Off,Off,Off,Off,Off,Off,Off,Off,Off,Off,Off,None,None,GroupList1,Always,Off,Off,VE2RAO-U,High,None,1,Off,180,Off,2,On,443.95,Off,Low,Off,ScanList1,Off,2,Off,300,0,+5.00000,Low,Off,Off
Always,Off,Off,25,Analog,1,Contact1,100.0,100.0,Off,Off,Off,Off,Off,Off,Off,Off,Off,Off,Off,Off,None,None,GroupList1,Always,Off,Off,VE2CRA-V,High,None,1,Off,180,Off,2,On,146.94,Off,Low,Off,ScanList1,Off,2,Off,300,0,-0.60000,Low,Off,Off
Always,Off,Off,25,Analog,1,Contact1,100.0,100.0,Off,Off,Off,Off,Off,Off,Off,Off,Off,Off,Off,Off,None,None,GroupList1,Always,Off,Off,VE2CRA-U,High,None,1,Off,180,Off,2,On,443.3,Off,Low,Off,ScanList1,Off,2,Off,300,0,+5.00000,Low,Off,Off
Always,Off,Off,25,Analog,1,Contact1,None,None,Off,Off,Off,Off,Off,Off,Off,Off,Off,Off,Off,Off,None,None,GroupList1,Always,Off,Off,VHF Call,High,None,1,Off,180,Off,1,On,146.52,Off,Low,Off,ScanList1,Off,2,Off,300,0,+0.00000,Low,Off,Off
Always,Off,Off,25,Analog,1,Contact1,None,None,Off,Off,Off,Off,Off,Off,Off,Off,Off,Off,Off,Off,None,None,GroupList1,Always,Off,Off,UHF Call,High,None,1,Off,180,Off,1,On,446,Off,Low,Off,ScanList1,Off,2,Off,300,0,+0.00000,Low,Off,Off
Always,Off,Off,12.5,Digital,1,Contact1,None,None,Off,Off,Off,Off,Off,Off,Off,Off,Off,Off,Off,Off,None,None,GroupList1,Always,Off,Off,433.000 DV,High,None,1,Off,180,Off,1,On,433,Off,Low,Off,ScanList1,Off,2,Off,300,0,+0.00000,Low,Off,Off
Always,Off,Off,12.5,Digital,1,Contact1,None,None,Off,Off,Off,Off,Off,Off,Off,Off,Off,Off,Off,Off,None,None,GroupList1,Always,Off,Off,433.025 DV,High,None,1,Off,180,Off,1,On,433.025,Off,Low,Off,ScanList1,Off,2,Off,300,0,+0.00000,Low,Off,Off
Always,Off,Off,12.5,Digital,1,Contact1,None,None,Off,Off,Off,Off,Off,Off,Off,Off,Off,Off,Off,Off,None,None,GroupList1,Always,Off,Off,433.050 DV,High,None,1,Off,180,Off,1,On,433.05,Off,Low,Off,ScanList1,Off,2,Off,300,0,+0.00000,Low,Off,Off
Always,Off,Off,12.5,Digital,1,Contact1,None,None,Off,Off,Off,Off,Off,Off,Off,Off,Off,Off,Off,Off,None,None,GroupList1,Always,Off,Off,433.075 DV,High,None,1,Off,180,Off,1,On,433.075,Off,Low,Off,ScanList1,Off,2,Off,300,0,+0.00000,Low,Off,Off
Always,Off,Off,12.5,Digital,1,Contact1,None,None,Off,Off,Off,Off,Off,Off,Off,Off,Off,Off,Off,Off,None,None,GroupList1,Always,Off,Off,433.100 DV,High,None,1,Off,180,Off,1,On,433.1,Off,Low,Off,ScanList1,Off,2,Off,300,0,+0.00000,Low,Off,Off
Always,Off,Off,12.5,Digital,1,Contact1,None,None,Off,Off,Off,Off,Off,Off,Off,Off,Off,Off,Off,Off,None,None,GroupList1,Always,Off,Off,433.800 DV,High,None,1,Off,180,Off,1,On,433.8,Off,Low,Off,ScanList1,Off,2,Off,300,0,+0.00000,Low,Off,Off
Always,Off,Off,12.5,Digital,13,Contact1,None,None,Off,Off,Off,Off,Off,Off,Off,Off,Off,Off,Off,Off,None,None,GroupList1,Always,Off,Off,TST 30239 Local,High,None,1,Off,180,Off,2,On,444.125,Off,Low,Off,ScanList1,Off,2,Off,300,0,+5.00000,Low,Off,Off
Always,Off,Off,12.5,Digital,13,Contact1,None,None,Off,Off,Off,Off,Off,Off,Off,Off,Off,Off,Off,Off,None,None,GroupList1,Always,Off,Off,TST Canada-Link,High,None,1,Off,180,Off,1,On,444.125,Off,Low,Off,ScanList1,Off,2,Off,300,0,+5.00000,Low,Off,Off
Always,Off,Off,12.5,Digital,13,Contact1,None,None,Off,Off,Off,Off,Off,Off,Off,Off,Off,Off,Off,Off,None,None,GroupList1,Always,Off,Off,TST TG:2 Local,High,None,1,Off,180,Off,2,On,444.125,Off,Low,Off,ScanList1,Off,2,Off,300,0,+5.00000,Low,Off,Off
Always,Off,Off,12.5,Digital,1,Contact1,None,None,Off,Off,Off,Off,Off,Off,Off,Off,Off,Off,Off,Off,None,None,GroupList1,Always,Off,Off,RAO 30239 SAR,Low,None,1,Off,180,Off,2,On,441.95,Off,Low,Off,ScanList1,Off,2,Off,300,0,+5.00000,Low,Off,Off
Always,Off,Off,12.5,Digital,1,Contact1,None,None,Off,Off,Off,Off,Off,Off,Off,Off,Off,Off,Off,Off,None,None,GroupList1,Always,Off,Off,RAO 30236,High,None,1,Off,180,Off,2,On,441.95,Off,Low,Off,ScanList1,Off,2,Off,300,0,+5.00000,Low,Off,Off
Always,Off,Off,12.5,Digital,1,Contact1,None,None,Off,Off,Off,Off,Off,Off,Off,Off,Off,Off,Off,Off,None,None,GroupList1,Always,Off,Off,RAO 302354,High,None,1,Off,180,Off,2,On,441.95,Off,Low,Off,ScanList1,Off,2,Off,300,0,+5.00000,Low,Off,Off
Always,Off,Off,12.5,Digital,1,Contact1,None,None,Off,Off,Off,Off,Off,Off,Off,Off,Off,Off,Off,Off,None,None,GroupList1,Always,Off,Off,RAO 302010,High,None,1,Off,180,Off,2,On,441.95,Off,Low,Off,ScanList1,Off,2,Off,300,0,+5.00000,Low,Off,Off
Always,Off,Off,12.5,Digital,1,Contact1,None,None,Off,Off,Off,Off,Off,Off,Off,Off,Off,Off,Off,Off,None,None,GroupList1,Always,Off,Off,RAO 302,High,None,1,Off,180,Off,2,On,441.95,Off,Low,Off,ScanList1,Off,2,Off,300,0,+5.00000,Low,Off,Off
Always,Off,Off,12.5,Digital,1,Contact1,None,None,Off,Off,Off,Off,Off,Off,Off,Off,Off,Off,Off,Off,None,None,GroupList1,Always,Off,Off,RAO 3022,High,None,1,Off,180,Off,1,On,441.95,Off,Low,Off,ScanList1,Off,2,Off,300,0,+5.00000,Low,Off,Off
Always,Off,Off,12.5,Digital,1,Contact1,None,None,Off,Off,Off,Off,Off,Off,Off,Off,Off,Off,Off,Off,None,None,GroupList1,Always,Off,Off,RAO 3022911,High,None,1,Off,180,Off,2,On,441.95,Off,Low,Off,ScanList1,Off,2,Off,300,0,+5.00000,Low,Off,Off
Always,Off,Off,12.5,Digital,1,Contact1,None,None,Off,Off,Off,Off,Off,Off,Off,Off,Off,Off,Off,Off,None,None,GroupList1,Always,Off,Off,RAO 3023,High,None,1,Off,180,Off,2,On,441.95,Off,Low,Off,ScanList1,Off,2,Off,300,0,+5.00000,Low,Off,Off
Always,Off,Off,12.5,Digital,1,Contact1,None,None,Off,Off,Off,Off,Off,Off,Off,Off,Off,Off,Off,Off,None,None,GroupList1,Always,Off,Off,RAO 3023911,High,None,1,Off,180,Off,2,On,441.95,Off,Low,Off,ScanList1,Off,2,Off,300,0,+5.00000,Low,Off,Off
Always,Off,Off,12.5,Digital,1,Contact1,None,None,Off,Off,Off,Off,Off,Off,Off,Off,Off,Off,Off,Off,None,None,GroupList1,Always,Off,Off,RAO 30231,High,None,1,Off,180,Off,2,On,441.95,Off,Low,Off,ScanList1,Off,2,Off,300,0,+5.00000,Low,Off,Off
Always,Off,Off,12.5,Digital,1,Contact1,None,None,Off,Off,Off,Off,Off,Off,Off,Off,Off,Off,Off,Off,None,None,GroupList1,Always,Off,Off,RAO 91,High,None,1,Off,180,Off,2,On,441.95,Off,Low,Off,ScanList1,Off,2,Off,300,0,+5.00000,Low,Off,Off
Always,Off,Off,12.5,Digital,1,Contact1,None,None,Off,Off,Off,Off,Off,Off,Off,Off,Off,Off,Off,Off,None,None,GroupList1,Always,Off,Off,RAO TG-2 Local,High,None,1,Off,180,Off,2,On,441.95,Off,Low,Off,ScanList1,Off,2,Off,300,0,+5.00000,Low,Off,Off
Always,Off,Off,12.5,Digital,1,Contact1,None,None,Off,Off,Off,Off,Off,Off,Off,Off,Off,Off,Off,Off,None,None,GroupList1,Always,Off,Off,RAO TG-8 Local,High,None,1,Off,180,Off,2,On,441.95,Off,Low,Off,ScanList1,Off,2,Off,300,0,+5.00000,Low,Off,Off
Always,Off,Off,12.5,Digital,1,Contact1,None,None,Off,Off,Off,Off,Off,Off,Off,Off,Off,Off,Off,Off,None,None,GroupList1,Always,Off,Off,RAO Status,High,None,1,Off,180,Off,2,On,441.95,Off,Low,Off,ScanList1,Off,2,Off,300,0,+5.00000,Low,Off,Off
Always,Off,Off,12.5,Digital,1,Contact1,None,None,Off,Off,Off,Off,Off,Off,Off,Off,Off,Off,Off,Off,None,None,GroupList1,Always,Off,Off,RAO Disconnect,High,None,1,Off,180,Off,2,On,441.95,Off,Low,Off,ScanList1,Off,2,Off,300,0,+5.00000,Low,Off,Off
Always,Off,Off,12.5,Digital,1,Contact1,None,None,Off,Off,Off,Off,Off,Off,Off,Off,Off,Off,Off,Off,None,None,GroupList1,Always,Off,Off,RAO Parrot,High,None,1,Off,180,Off,2,On,441.95,Off,Low,Off,ScanList1,Off,2,Off,300,0,+5.00000,Low,Off,Off
Always,Off,Off,12.5,Digital,1,Contact1,None,None,Off,Off,Off,Off,Off,Off,Off,Off,Off,Off,Off,Off,None,None,GroupList1,Always,Off,Off,RAO Overland,High,None,1,Off,180,Off,2,On,441.95,Off,Low,Off,ScanList1,Off,2,Off,300,0,+5.00000,Low,Off,Off
Always,Off,Off,12.5,Digital,1,Contact1,None,None,Off,Off,Off,Off,Off,Off,Off,Off,Off,Off,Off,Off,None,None,GroupList1,Always,Off,Off,RAO Venture OB,High,None,1,Off,180,Off,2,On,441.95,Off,Low,Off,ScanList1,Off,2,Off,300,0,+5.00000,Low,Off,Off
Always,Off,Off,12.5,Digital,1,Contact1,None,None,Off,Off,Off,Off,Off,Off,Off,Off,Off,Off,Off,Off,None,None,GroupList1,Always,Off,Off,RAO Beth VA3LAK,High,None,1,Off,180,Off,2,On,441.95,Off,Low,Off,ScanList1,Off,2,Off,300,0,+5.00000,Low,Off,Off
Always,Off,Off,12.5,Digital,1,Contact1,None,None,Off,Off,Off,Off,Off,Off,Off,Off,Off,Off,Off,Off,None,None,GroupList1,Always,Off,Off,RAO Chris VA2ESK,High,None,1,Off,180,Off,2,On,441.95,Off,Low,Off,ScanList1,Off,2,Off,300,0,+5.00000,Low,Off,Off
Always,Off,Off,12.5,Digital,1,Contact1,None,None,Off,Off,Off,Off,Off,Off,Off,Off,Off,Off,Off,Off,None,None,GroupList1,Always,Off,Off,RAO DanielVA3GLB,High,None,1,Off,180,Off,2,On,441.95,Off,Low,Off,ScanList1,Off,2,Off,300,0,+5.00000,Low,Off,Off
Always,Off,Off,12.5,Digital,1,Contact1,None,None,Off,Off,Off,Off,Off,Off,Off,Off,Off,Off,Off,Off,None,None,GroupList1,Always,Off,Off,RAO Denis VA3DIL,High,None,1,Off,180,Off,2,On,441.95,Off,Low,Off,ScanList1,Off,2,Off,300,0,+5.00000,Low,Off,Off
Always,Off,Off,12.5,Digital,1,Contact1,None,None,Off,Off,Off,Off,Off,Off,Off,Off,Off,Off,Off,Off,None,None,GroupList1,Always,Off,Off,RAO Don VA2EEK,High,None,1,Off,180,Off,2,On,441.95,Off,Low,Off,ScanList1,Off,2,Off,300,0,+5.00000,Low,Off,Off
Always,Off,Off,12.5,Digital,1,Contact1,None,None,Off,Off,Off,Off,Off,Off,Off,Off,Off,Off,Off,Off,None,None,GroupList1,Always,Off,Off,RAO Jack VE2XTT,High,None,1,Off,180,Off,2,On,441.95,Off,Low,Off,ScanList1,Off,2,Off,300,0,+5.00000,Low,Off,Off
Always,Off,Off,12.5,Digital,1,Contact1,None,None,Off,Off,Off,Off,Off,Off,Off,Off,Off,Off,Off,Off,None,None,GroupList1,Always,Off,Off,RAO Luc VE3LDC,High,None,1,Off,180,Off,2,On,441.95,Off,Low,Off,ScanList1,Off,2,Off,300,0,+5.00000,Low,Off,Off
Always,Off,Off,12.5,Digital,1,Contact1,None,None,Off,Off,Off,Off,Off,Off,Off,Off,Off,Off,Off,Off,None,None,GroupList1,Always,Off,Off,RAO Peter1VA3YOW,High,None,1,Off,180,Off,2,On,441.95,Off,Low,Off,ScanList1,Off,2,Off,300,0,+5.00000,Low,Off,Off
Always,Off,Off,12.5,Digital,1,Contact1,None,None,Off,Off,Off,Off,Off,Off,Off,Off,Off,Off,Off,Off,None,None,GroupList1,Always,Off,Off,RAO Peter2VA3YOW,High,None,1,Off,180,Off,2,On,441.95,Off,Low,Off,ScanList1,Off,2,Off,300,0,+5.00000,Low,Off,Off
Always,Off,Off,12.5,Digital,1,Contact1,None,None,Off,Off,Off,Off,Off,Off,Off,Off,Off,Off,Off,Off,None,None,GroupList1,Always,Off,Off,RAO Reg VA3WZN,High,None,1,Off,180,Off,2,On,441.95,Off,Low,Off,ScanList1,Off,2,Off,300,0,+5.00000,Low,Off,Off
Always,Off,Off,12.5,Digital,1,Contact1,None,None,Off,Off,Off,Off,Off,Off,Off,Off,Off,Off,Off,Off,None,None,GroupList1,Always,Off,Off,RAO Tracy VA3TXN,High,None,1,Off,180,Off,2,On,441.95,Off,Low,Off,ScanList1,Off,2,Off,300,0,+5.00000,Low,Off,Off
Always,Off,Off,12.5,Digital,1,Contact1,None,None,Off,Off,Off,Off,Off,Off,Off,Off,Off,Off,Off,Off,None,None,GroupList1,Always,Off,Off,RAO VA3COC Priv,High,None,1,Off,180,Off,2,On,441.95,Off,Low,Off,ScanList1,Off,2,Off,300,0,+5.00000,Low,Off,Off
Always,Off,Off,12.5,Digital,1,Contact1,None,None,Off,Off,Off,Off,Off,Off,Off,Off,Off,Off,Off,Off,None,None,GroupList1,Always,Off,Off,RAO F-150 Privat,High,None,1,Off,180,Off,1,On,441.95,Off,Low,Off,ScanList1,Off,2,Off,300,0,+5.00000,Low,Off,Off
Always,Off,Off,12.5,Digital,1,Contact1,None,None,Off,Off,Off,Off,Off,Off,Off,Off,Off,Off,Off,Off,None,None,GroupList1,Always,Off,Off,RAO UTV Priv,High,None,1,Off,180,Off,2,On,441.95,Off,Low,Off,ScanList1,Off,2,Off,300,0,+5.00000,Low,Off,Off
Always,Off,Off,12.5,Digital,1,Contact1,None,None,Off,Off,Off,Off,Off,Off,Off,Off,Off,Off,Off,Off,None,None,GroupList1,Always,Off,Off,REH(G) 30239 SAR,High,None,1,Off,180,Off,1,On,442.65,Off,Low,Off,ScanList1,Off,2,Off,300,0,+5.00000,Low,Off,Off
Always,Off,Off,12.5,Digital,1,Contact1,None,None,Off,Off,Off,Off,Off,Off,Off,Off,Off,Off,Off,Off,None,None,GroupList1,Always,Off,Off,REH (G) 30236,High,None,1,Off,180,Off,1,On,442.65,Off,Low,Off,ScanList1,Off,2,Off,300,0,+5.00000,Low,Off,Off
Always,Off,Off,12.5,Digital,1,Contact1,None,None,Off,Off,Off,Off,Off,Off,Off,Off,Off,Off,Off,Off,None,None,GroupList1,Always,Off,Off,REH (G) 302354,High,None,1,Off,180,Off,1,On,442.65,Off,Low,Off,ScanList1,Off,2,Off,300,0,+5.00000,Low,Off,Off
Always,Off,Off,12.5,Digital,1,Contact1,None,None,Off,Off,Off,Off,Off,Off,Off,Off,Off,Off,Off,Off,None,None,GroupList1,Always,Off,Off,REH (G) 302010,High,None,1,Off,180,Off,1,On,442.65,Off,Low,Off,ScanList1,Off,2,Off,300,0,+5.00000,Low,Off,Off
Always,Off,Off,12.5,Digital,1,Contact1,None,None,Off,Off,Off,Off,Off,Off,Off,Off,Off,Off,Off,Off,None,None,GroupList1,Always,Off,Off,REH (G) 302,High,None,1,Off,180,Off,1,On,442.65,Off,Low,Off,ScanList1,Off,2,Off,300,0,+5.00000,Low,Off,Off
Always,Off,Off,12.5,Digital,1,Contact1,None,None,Off,Off,Off,Off,Off,Off,Off,Off,Off,Off,Off,Off,None,None,GroupList1,Always,Off,Off,REH (G) 3022,High,None,1,Off,180,Off,1,On,442.65,Off,Low,Off,ScanList1,Off,2,Off,300,0,+5.00000,Low,Off,Off
Always,Off,Off,12.5,Digital,1,Contact1,None,None,Off,Off,Off,Off,Off,Off,Off,Off,Off,Off,Off,Off,None,None,GroupList1,Always,Off,Off,REH (G) 3022911,High,None,1,Off,180,Off,1,On,442.65,Off,Low,Off,ScanList1,Off,2,Off,300,0,+5.00000,Low,Off,Off
Always,Off,Off,12.5,Digital,1,Contact1,None,None,Off,Off,Off,Off,Off,Off,Off,Off,Off,Off,Off,Off,None,None,GroupList1,Always,Off,Off,REH (G) 3023,High,None,1,Off,180,Off,1,On,442.65,Off,Low,Off,ScanList1,Off,2,Off,300,0,+5.00000,Low,Off,Off
Always,Off,Off,12.5,Digital,1,Contact1,None,None,Off,Off,Off,Off,Off,Off,Off,Off,Off,Off,Off,Off,None,None,GroupList1,Always,Off,Off,REH (G) 3023911,High,None,1,Off,180,Off,1,On,442.65,Off,Low,Off,ScanList1,Off,2,Off,300,0,+5.00000,Low,Off,Off
Always,Off,Off,12.5,Digital,1,Contact1,None,None,Off,Off,Off,Off,Off,Off,Off,Off,Off,Off,Off,Off,None,None,GroupList1,Always,Off,Off,REH (G) TG-2,High,None,1,Off,180,Off,1,On,442.65,Off,Low,Off,ScanList1,Off,2,Off,300,0,+5.00000,Low,Off,Off
Always,Off,Off,12.5,Digital,1,Contact1,None,None,Off,Off,Off,Off,Off,Off,Off,Off,Off,Off,Off,Off,None,None,GroupList1,Always,Off,Off,REH (G) TG-8,High,None,1,Off,180,Off,1,On,442.65,Off,Low,Off,ScanList1,Off,2,Off,300,0,+5.00000,Low,Off,Off
Always,Off,Off,12.5,Digital,1,Contact1,None,None,Off,Off,Off,Off,Off,Off,Off,Off,Off,Off,Off,Off,None,None,GroupList1,Always,Off,Off,REH (G) Status,High,None,1,Off,180,Off,1,On,442.65,Off,Low,Off,ScanList1,Off,2,Off,300,0,+5.00000,Low,Off,Off
Always,Off,Off,12.5,Digital,1,Contact1,None,None,Off,Off,Off,Off,Off,Off,Off,Off,Off,Off,Off,Off,None,None,GroupList1,Always,Off,Off,REH (G)Disconect,High,None,1,Off,180,Off,1,On,442.65,Off,Low,Off,ScanList1,Off,2,Off,300,0,+5.00000,Low,Off,Off
Always,Off,Off,12.5,Digital,1,Contact1,None,None,Off,Off,Off,Off,Off,Off,Off,Off,Off,Off,Off,Off,None,None,GroupList1,Always,Off,Off,REH (G) Parrot,High,None,1,Off,180,Off,1,On,442.65,Off,Low,Off,ScanList1,Off,2,Off,300,0,+5.00000,Low,Off,Off
Always,Off,Off,12.5,Digital,1,Contact1,None,None,Off,Off,Off,Off,Off,Off,Off,Off,Off,Off,Off,Off,None,None,GroupList1,Always,Off,Off,REH (G) Overland,High,None,1,Off,180,Off,1,On,442.65,Off,Low,Off,ScanList1,Off,2,Off,300,0,+5.00000,Low,Off,Off
Always,Off,Off,12.5,Digital,1,Contact1,None,None,Off,Off,Off,Off,Off,Off,Off,Off,Off,Off,Off,Off,None,None,GroupList1,Always,Off,Off,REH (G) VentureO,High,None,1,Off,180,Off,1,On,442.65,Off,Low,Off,ScanList1,Off,2,Off,300,0,+5.00000,Low,Off,Off
Always,Off,Off,12.5,Digital,1,Contact1,None,None,Off,Off,Off,Off,Off,Off,Off,Off,Off,Off,Off,Off,None,None,GroupList1,Always,Off,Off,REH (G) Beth LAK,High,None,1,Off,180,Off,1,On,442.65,Off,Low,Off,ScanList1,Off,2,Off,300,0,+5.00000,Low,Off,Off
Always,Off,Off,12.5,Digital,1,Contact1,None,None,Off,Off,Off,Off,Off,Off,Off,Off,Off,Off,Off,Off,None,None,GroupList1,Always,Off,Off,REH (G) ChrisESK,High,None,1,Off,180,Off,1,On,442.65,Off,Low,Off,ScanList1,Off,2,Off,300,0,+5.00000,Low,Off,Off
Always,Off,Off,12.5,Digital,1,Contact1,None,None,Off,Off,Off,Off,Off,Off,Off,Off,Off,Off,Off,Off,None,None,GroupList1,Always,Off,Off,REH (G) DenisGLB,High,None,1,Off,180,Off,1,On,442.65,Off,Low,Off,ScanList1,Off,2,Off,300,0,+5.00000,Low,Off,Off
Always,Off,Off,12.5,Digital,1,Contact1,None,None,Off,Off,Off,Off,Off,Off,Off,Off,Off,Off,Off,Off,None,None,GroupList1,Always,Off,Off,REH (G)Denis DIL,High,None,1,Off,180,Off,1,On,442.65,Off,Low,Off,ScanList1,Off,2,Off,300,0,+5.00000,Low,Off,Off
Always,Off,Off,12.5,Digital,1,Contact1,None,None,Off,Off,Off,Off,Off,Off,Off,Off,Off,Off,Off,Off,None,None,GroupList1,Always,Off,Off,REH (G) Don EEK,High,None,1,Off,180,Off,1,On,442.65,Off,Low,Off,ScanList1,Off,2,Off,300,0,+5.00000,Low,Off,Off
Always,Off,Off,12.5,Digital,1,Contact1,None,None,Off,Off,Off,Off,Off,Off,Off,Off,Off,Off,Off,Off,None,None,GroupList1,Always,Off,Off,REH (G) Jack XTT,High,None,1,Off,180,Off,1,On,442.65,Off,Low,Off,ScanList1,Off,2,Off,300,0,+5.00000,Low,Off,Off
Always,Off,Off,12.5,Digital,1,Contact1,None,None,Off,Off,Off,Off,Off,Off,Off,Off,Off,Off,Off,Off,None,None,GroupList1,Always,Off,Off,REH (G) Luc LDC,High,None,1,Off,180,Off,1,On,442.65,Off,Low,Off,ScanList1,Off,2,Off,300,0,+5.00000,Low,Off,Off
Always,Off,Off,12.5,Digital,1,Contact1,None,None,Off,Off,Off,Off,Off,Off,Off,Off,Off,Off,Off,Off,None,None,GroupList1,Always,Off,Off,REH (G)Peter1YOW,High,None,1,Off,180,Off,1,On,442.65,Off,Low,Off,ScanList1,Off,2,Off,300,0,+5.00000,Low,Off,Off
Always,Off,Off,12.5,Digital,1,Contact1,None,None,Off,Off,Off,Off,Off,Off,Off,Off,Off,Off,Off,Off,None,None,GroupList1,Always,Off,Off,REH (G)Peter2YOW,High,None,1,Off,180,Off,1,On,442.65,Off,Low,Off,ScanList1,Off,2,Off,300,0,+5.00000,Low,Off,Off
Always,Off,Off,12.5,Digital,1,Contact1,None,None,Off,Off,Off,Off,Off,Off,Off,Off,Off,Off,Off,Off,None,None,GroupList1,Always,Off,Off,REH (G) Reg WZN,High,None,1,Off,180,Off,1,On,442.65,Off,Low,Off,ScanList1,Off,2,Off,300,0,+5.00000,Low,Off,Off
Always,Off,Off,12.5,Digital,1,Contact1,None,None,Off,Off,Off,Off,Off,Off,Off,Off,Off,Off,Off,Off,None,None,GroupList1,Always,Off,Off,REH (G) TracyTXN,High,None,1,Off,180,Off,1,On,442.65,Off,Low,Off,ScanList1,Off,2,Off,300,0,+5.00000,Low,Off,Off
Always,Off,Off,12.5,Digital,1,Contact1,None,None,Off,Off,Off,Off,Off,Off,Off,Off,Off,Off,Off,Off,None,None,GroupList1,Always,Off,Off,REH (G) VA3COC,High,None,1,Off,180,Off,1,On,442.65,Off,Low,Off,ScanList1,Off,2,Off,300,0,+5.00000,Low,Off,Off
Always,Off,Off,12.5,Digital,1,Contact1,None,None,Off,Off,Off,Off,Off,Off,Off,Off,Off,Off,Off,Off,None,None,GroupList1,Always,Off,Off,REH (G) F-150 PR,High,None,1,Off,180,Off,1,On,442.65,Off,Low,Off,ScanList1,Off,2,Off,300,0,+5.00000,Low,Off,Off
Always,Off,Off,12.5,Digital,1,Contact1,None,None,Off,Off,Off,Off,Off,Off,Off,Off,Off,Off,Off,Off,None,None,GroupList1,Always,Off,Off,REH (G) UTV PR,High,None,1,Off,180,Off,1,On,442.65,Off,Low,Off,ScanList1,Off,2,Off,300,0,+5.00000,Low,Off,Off
Always,Off,Off,12.5,Digital,1,Contact1,None,None,Off,Off,Off,Off,Off,Off,Off,Off,Off,Off,Off,Off,None,None,GroupList1,Always,Off,Off,REH(E) 30239 SAR,High,None,1,Off,180,Off,1,On,442.55,Off,Low,Off,ScanList1,Off,2,Off,300,0,+5.00000,Low,Off,Off
Always,Off,Off,12.5,Digital,1,Contact1,None,None,Off,Off,Off,Off,Off,Off,Off,Off,Off,Off,Off,Off,None,None,GroupList1,Always,Off,Off,REH (E) 30236,High,None,1,Off,180,Off,1,On,442.55,Off,Low,Off,ScanList1,Off,2,Off,300,0,+5.00000,Low,Off,Off
Always,Off,Off,12.5,Digital,1,Contact1,None,None,Off,Off,Off,Off,Off,Off,Off,Off,Off,Off,Off,Off,None,None,GroupList1,Always,Off,Off,REH (E) 302354,High,None,1,Off,180,Off,1,On,442.55,Off,Low,Off,ScanList1,Off,2,Off,300,0,+5.00000,Low,Off,Off
Always,Off,Off,12.5,Digital,1,Contact1,None,None,Off,Off,Off,Off,Off,Off,Off,Off,Off,Off,Off,Off,None,None,GroupList1,Always,Off,Off,REH (E) 302010,High,None,1,Off,180,Off,1,On,442.55,Off,Low,Off,ScanList1,Off,2,Off,300,0,+5.00000,Low,Off,Off
Always,Off,Off,12.5,Digital,1,Contact1,None,None,Off,Off,Off,Off,Off,Off,Off,Off,Off,Off,Off,Off,None,None,GroupList1,Always,Off,Off,REH (E) 302,High,None,1,Off,180,Off,1,On,442.55,Off,Low,Off,ScanList1,Off,2,Off,300,0,+5.00000,Low,Off,Off
Always,Off,Off,12.5,Digital,1,Contact1,None,None,Off,Off,Off,Off,Off,Off,Off,Off,Off,Off,Off,Off,None,None,GroupList1,Always,Off,Off,REH (E) 3022,High,None,1,Off,180,Off,1,On,442.55,Off,Low,Off,ScanList1,Off,2,Off,300,0,+5.00000,Low,Off,Off
Always,Off,Off,12.5,Digital,1,Contact1,None,None,Off,Off,Off,Off,Off,Off,Off,Off,Off,Off,Off,Off,None,None,GroupList1,Always,Off,Off,REH (E) 3022911,High,None,1,Off,180,Off,1,On,442.55,Off,Low,Off,ScanList1,Off,2,Off,300,0,+5.00000,Low,Off,Off
Always,Off,Off,12.5,Digital,1,Contact1,None,None,Off,Off,Off,Off,Off,Off,Off,Off,Off,Off,Off,Off,None,None,GroupList1,Always,Off,Off,REH (E) 3023,High,None,1,Off,180,Off,1,On,442.55,Off,Low,Off,ScanList1,Off,2,Off,300,0,+5.00000,Low,Off,Off
Always,Off,Off,12.5,Digital,1,Contact1,None,None,Off,Off,Off,Off,Off,Off,Off,Off,Off,Off,Off,Off,None,None,GroupList1,Always,Off,Off,REH (E) 3023911,High,None,1,Off,180,Off,1,On,442.55,Off,Low,Off,ScanList1,Off,2,Off,300,0,+5.00000,Low,Off,Off
Always,Off,Off,12.5,Digital,1,Contact1,None,None,Off,Off,Off,Off,Off,Off,Off,Off,Off,Off,Off,Off,None,None,GroupList1,Always,Off,Off,REH (E) TG-2,High,None,1,Off,180,Off,1,On,442.55,Off,Low,Off,ScanList1,Off,2,Off,300,0,+5.00000,Low,Off,Off
Always,Off,Off,12.5,Digital,1,Contact1,None,None,Off,Off,Off,Off,Off,Off,Off,Off,Off,Off,Off,Off,None,None,GroupList1,Always,Off,Off,REH (E) TG-8,High,None,1,Off,180,Off,1,On,442.55,Off,Low,Off,ScanList1,Off,2,Off,300,0,+5.00000,Low,Off,Off
Always,Off,Off,12.5,Digital,1,Contact1,None,None,Off,Off,Off,Off,Off,Off,Off,Off,Off,Off,Off,Off,None,None,GroupList1,Always,Off,Off,REH (E) Status,High,None,1,Off,180,Off,1,On,442.55,Off,Low,Off,ScanList1,Off,2,Off,300,0,+5.00000,Low,Off,Off
Always,Off,Off,12.5,Digital,1,Contact1,None,None,Off,Off,Off,Off,Off,Off,Off,Off,Off,Off,Off,Off,None,None,GroupList1,Always,Off,Off,REH (E)Disconect,High,None,1,Off,180,Off,1,On,442.55,Off,Low,Off,ScanList1,Off,2,Off,300,0,+5.00000,Low,Off,Off
Always,Off,Off,12.5,Digital,1,Contact1,None,None,Off,Off,Off,Off,Off,Off,Off,Off,Off,Off,Off,Off,None,None,GroupList1,Always,Off,Off,REH (E) Parrot,High,None,1,Off,180,Off,1,On,442.55,Off,Low,Off,ScanList1,Off,2,Off,300,0,+5.00000,Low,Off,Off
Always,Off,Off,12.5,Digital,1,Contact1,None,None,Off,Off,Off,Off,Off,Off,Off,Off,Off,Off,Off,Off,None,None,GroupList1,Always,Off,Off,REH (E) Overland,High,None,1,Off,180,Off,1,On,442.55,Off,Low,Off,ScanList1,Off,2,Off,300,0,+5.00000,Low,Off,Off
Always,Off,Off,12.5,Digital,1,Contact1,None,None,Off,Off,Off,Off,Off,Off,Off,Off,Off,Off,Off,Off,None,None,GroupList1,Always,Off,Off,REH (E) VentureO,High,None,1,Off,180,Off,1,On,442.55,Off,Low,Off,ScanList1,Off,2,Off,300,0,+5.00000,Low,Off,Off
Always,Off,Off,12.5,Digital,1,Contact1,None,None,Off,Off,Off,Off,Off,Off,Off,Off,Off,Off,Off,Off,None,None,GroupList1,Always,Off,Off,REH (E) Beth LAK,High,None,1,Off,180,Off,1,On,442.55,Off,Low,Off,ScanList1,Off,2,Off,300,0,+5.00000,Low,Off,Off
Always,Off,Off,12.5,Digital,1,Contact1,None,None,Off,Off,Off,Off,Off,Off,Off,Off,Off,Off,Off,Off,None,None,GroupList1,Always,Off,Off,REH (E) ChrisESK,High,None,1,Off,180,Off,1,On,442.55,Off,Low,Off,ScanList1,Off,2,Off,300,0,+5.00000,Low,Off,Off
Always,Off,Off,12.5,Digital,1,Contact1,None,None,Off,Off,Off,Off,Off,Off,Off,Off,Off,Off,Off,Off,None,None,GroupList1,Always,Off,Off,REH (E)Denis DIL,High,None,1,Off,180,Off,1,On,442.55,Off,Low,Off,ScanList1,Off,2,Off,300,0,+5.00000,Low,Off,Off
Always,Off,Off,12.5,Digital,1,Contact1,None,None,Off,Off,Off,Off,Off,Off,Off,Off,Off,Off,Off,Off,None,None,GroupList1,Always,Off,Off,REH (E) Don EEK,High,None,1,Off,180,Off,1,On,442.55,Off,Low,Off,ScanList1,Off,2,Off,300,0,+5.00000,Low,Off,Off
Always,Off,Off,12.5,Digital,1,Contact1,None,None,Off,Off,Off,Off,Off,Off,Off,Off,Off,Off,Off,Off,None,None,GroupList1,Always,Off,Off,REH (E) Jack XTT,High,None,1,Off,180,Off,1,On,442.55,Off,Low,Off,ScanList1,Off,2,Off,300,0,+5.00000,Low,Off,Off
Always,Off,Off,12.5,Digital,1,Contact1,None,None,Off,Off,Off,Off,Off,Off,Off,Off,Off,Off,Off,Off,None,None,GroupList1,Always,Off,Off,REH (E) Luc LDC,High,None,1,Off,180,Off,1,On,442.55,Off,Low,Off,ScanList1,Off,2,Off,300,0,+5.00000,Low,Off,Off
Always,Off,Off,12.5,Digital,1,Contact1,None,None,Off,Off,Off,Off,Off,Off,Off,Off,Off,Off,Off,Off,None,None,GroupList1,Always,Off,Off,REH (E)Peter1YOW,High,None,1,Off,180,Off,1,On,442.55,Off,Low,Off,ScanList1,Off,2,Off,300,0,+5.00000,Low,Off,Off
Always,Off,Off,12.5,Digital,1,Contact1,None,None,Off,Off,Off,Off,Off,Off,Off,Off,Off,Off,Off,Off,None,None,GroupList1,Always,Off,Off,REH (E)Peter2YOW,High,None,1,Off,180,Off,1,On,442.55,Off,Low,Off,ScanList1,Off,2,Off,300,0,+5.00000,Low,Off,Off
Always,Off,Off,12.5,Digital,1,Contact1,None,None,Off,Off,Off,Off,Off,Off,Off,Off,Off,Off,Off,Off,None,None,GroupList1,Always,Off,Off,REH (E) Reg WZN,High,None,1,Off,180,Off,1,On,442.55,Off,Low,Off,ScanList1,Off,2,Off,300,0,+5.00000,Low,Off,Off
Always,Off,Off,12.5,Digital,1,Contact1,None,None,Off,Off,Off,Off,Off,Off,Off,Off,Off,Off,Off,Off,None,None,GroupList1,Always,Off,Off,REH (E) TracyTXN,High,None,1,Off,180,Off,1,On,442.55,Off,Low,Off,ScanList1,Off,2,Off,300,0,+5.00000,Low,Off,Off
Always,Off,Off,12.5,Digital,1,Contact1,None,None,Off,Off,Off,Off,Off,Off,Off,Off,Off,Off,Off,Off,None,None,GroupList1,Always,Off,Off,REH (E) VA3COC,Turbo,None,1,Off,180,Off,1,On,442.55,Off,Low,Off,ScanList1,Off,2,Off,300,0,+5.00000,Low,Off,Off
Always,Off,Off,12.5,Digital,1,Contact1,None,None,Off,Off,Off,Off,Off,Off,Off,Off,Off,Off,Off,Off,None,None,GroupList1,Always,Off,Off,REH (E) F-150 PR,High,None,1,Off,180,Off,1,On,442.55,Off,Low,Off,ScanList1,Off,2,Off,300,0,+5.00000,Low,Off,Off
Always,Off,Off,12.5,Digital,1,Contact1,None,None,Off,Off,Off,Off,Off,Off,Off,Off,Off,Off,Off,Off,None,None,GroupList1,Always,Off,Off,REH (E) UTV PR,High,None,1,Off,180,Off,1,On,442.55,Off,Low,Off,ScanList1,Off,2,Off,300,0,+5.00000,Low,Off,Off
Always,Off,Off,12.5,Digital,1,Contact1,None,None,Off,Off,Off,Off,Off,Off,Off,Off,Off,Off,Off,Off,None,None,GroupList1,Always,Off,Off,REH(N) 30239 SAR,High,None,1,Off,180,Off,1,On,444.15,Off,Low,Off,ScanList1,Off,2,Off,300,0,+5.00000,Low,Off,Off
Always,Off,Off,12.5,Digital,1,Contact1,None,None,Off,Off,Off,Off,Off,Off,Off,Off,Off,Off,Off,Off,None,None,GroupList1,Always,Off,Off,REH (N) 30236,High,None,1,Off,180,Off,1,On,444.15,Off,Low,Off,ScanList1,Off,2,Off,300,0,+5.00000,Low,Off,Off
Always,Off,Off,12.5,Digital,1,Contact1,None,None,Off,Off,Off,Off,Off,Off,Off,Off,Off,Off,Off,Off,None,None,GroupList1,Always,Off,Off,REH (N) 302354,High,None,1,Off,180,Off,1,On,444.15,Off,Low,Off,ScanList1,Off,2,Off,300,0,+5.00000,Low,Off,Off
Always,Off,Off,12.5,Digital,1,Contact1,None,None,Off,Off,Off,Off,Off,Off,Off,Off,Off,Off,Off,Off,None,None,GroupList1,Always,Off,Off,REH (N) 302010,High,None,1,Off,180,Off,1,On,444.15,Off,Low,Off,ScanList1,Off,2,Off,300,0,+5.00000,Low,Off,Off
Always,Off,Off,12.5,Digital,1,Contact1,None,None,Off,Off,Off,Off,Off,Off,Off,Off,Off,Off,Off,Off,None,None,GroupList1,Always,Off,Off,REH (N) 302,High,None,1,Off,180,Off,1,On,444.15,Off,Low,Off,ScanList1,Off,2,Off,300,0,+5.00000,Low,Off,Off
Always,Off,Off,12.5,Digital,1,Contact1,None,None,Off,Off,Off,Off,Off,Off,Off,Off,Off,Off,Off,Off,None,None,GroupList1,Always,Off,Off,REH (N) 3022,High,None,1,Off,180,Off,1,On,444.15,Off,Low,Off,ScanList1,Off,2,Off,300,0,+5.00000,Low,Off,Off
Always,Off,Off,12.5,Digital,1,Contact1,None,None,Off,Off,Off,Off,Off,Off,Off,Off,Off,Off,Off,Off,None,None,GroupList1,Always,Off,Off,REH (N) 3022911,High,None,1,Off,180,Off,1,On,444.15,Off,Low,Off,ScanList1,Off,2,Off,300,0,+5.00000,Low,Off,Off
Always,Off,Off,12.5,Digital,1,Contact1,None,None,Off,Off,Off,Off,Off,Off,Off,Off,Off,Off,Off,Off,None,None,GroupList1,Always,Off,Off,REH (N) 3023,High,None,1,Off,180,Off,1,On,444.15,Off,Low,Off,ScanList1,Off,2,Off,300,0,+5.00000,Low,Off,Off
Always,Off,Off,12.5,Digital,1,Contact1,None,None,Off,Off,Off,Off,Off,Off,Off,Off,Off,Off,Off,Off,None,None,GroupList1,Always,Off,Off,REH (N) 3023911,High,None,1,Off,180,Off,1,On,444.15,Off,Low,Off,ScanList1,Off,2,Off,300,0,+5.00000,Low,Off,Off
Always,Off,Off,12.5,Digital,1,Contact1,None,None,Off,Off,Off,Off,Off,Off,Off,Off,Off,Off,Off,Off,None,None,GroupList1,Always,Off,Off,REH (N) TG-2,High,None,1,Off,180,Off,1,On,444.15,Off,Low,Off,ScanList1,Off,2,Off,300,0,+5.00000,Low,Off,Off
Always,Off,Off,12.5,Digital,1,Contact1,None,None,Off,Off,Off,Off,Off,Off,Off,Off,Off,Off,Off,Off,None,None,GroupList1,Always,Off,Off,REH (N) TG-8,High,None,1,Off,180,Off,1,On,444.15,Off,Low,Off,ScanList1,Off,2,Off,300,0,+5.00000,Low,Off,Off
Always,Off,Off,12.5,Digital,1,Contact1,None,None,Off,Off,Off,Off,Off,Off,Off,Off,Off,Off,Off,Off,None,None,GroupList1,Always,Off,Off,REH (N) Status,High,None,1,Off,180,Off,1,On,444.15,Off,Low,Off,ScanList1,Off,2,Off,300,0,+5.00000,Low,Off,Off
Always,Off,Off,12.5,Digital,1,Contact1,None,None,Off,Off,Off,Off,Off,Off,Off,Off,Off,Off,Off,Off,None,None,GroupList1,Always,Off,Off,REH (N)Disconect,High,None,1,Off,180,Off,1,On,444.15,Off,Low,Off,ScanList1,Off,2,Off,300,0,+5.00000,Low,Off,Off
Always,Off,Off,12.5,Digital,1,Contact1,None,None,Off,Off,Off,Off,Off,Off,Off,Off,Off,Off,Off,Off,None,None,GroupList1,Always,Off,Off,REH (N) Parrot,High,None,1,Off,180,Off,1,On,444.15,Off,Low,Off,ScanList1,Off,2,Off,300,0,+5.00000,Low,Off,Off
Always,Off,Off,12.5,Digital,1,Contact1,None,None,Off,Off,Off,Off,Off,Off,Off,Off,Off,Off,Off,Off,None,None,GroupList1,Always,Off,Off,REH (N) Beth LAK,High,None,1,Off,180,Off,1,On,444.15,Off,Low,Off,ScanList1,Off,2,Off,300,0,+5.00000,Low,Off,Off
Always,Off,Off,12.5,Digital,1,Contact1,None,None,Off,Off,Off,Off,Off,Off,Off,Off,Off,Off,Off,Off,None,None,GroupList1,Always,Off,Off,REH (N) ChrisESK,High,None,1,Off,180,Off,1,On,444.15,Off,Low,Off,ScanList1,Off,2,Off,300,0,+5.00000,Low,Off,Off
Always,Off,Off,12.5,Digital,1,Contact1,None,None,Off,Off,Off,Off,Off,Off,Off,Off,Off,Off,Off,Off,None,None,GroupList1,Always,Off,Off,REH (N) Dan GLB,High,None,1,Off,180,Off,1,On,444.15,Off,Low,Off,ScanList1,Off,2,Off,300,0,+5.00000,Low,Off,Off
Always,Off,Off,12.5,Digital,1,Contact1,None,None,Off,Off,Off,Off,Off,Off,Off,Off,Off,Off,Off,Off,None,None,GroupList1,Always,Off,Off,REH (N)Denis DIL,High,None,1,Off,180,Off,1,On,444.15,Off,Low,Off,ScanList1,Off,2,Off,300,0,+5.00000,Low,Off,Off
Always,Off,Off,12.5,Digital,1,Contact1,None,None,Off,Off,Off,Off,Off,Off,Off,Off,Off,Off,Off,Off,None,None,GroupList1,Always,Off,Off,REH (N) Don EEK,High,None,1,Off,180,Off,1,On,444.15,Off,Low,Off,ScanList1,Off,2,Off,300,0,+5.00000,Low,Off,Off
Always,Off,Off,12.5,Digital,1,Contact1,None,None,Off,Off,Off,Off,Off,Off,Off,Off,Off,Off,Off,Off,None,None,GroupList1,Always,Off,Off,REH (N) Jack XTT,High,None,1,Off,180,Off,1,On,444.15,Off,Low,Off,ScanList1,Off,2,Off,300,0,+5.00000,Low,Off,Off
Always,Off,Off,12.5,Digital,1,Contact1,None,None,Off,Off,Off,Off,Off,Off,Off,Off,Off,Off,Off,Off,None,None,GroupList1,Always,Off,Off,REH (N) Luc LDC,High,None,1,Off,180,Off,1,On,444.15,Off,Low,Off,ScanList1,Off,2,Off,300,0,+5.00000,Low,Off,Off
Always,Off,Off,12.5,Digital,1,Contact1,None,None,Off,Off,Off,Off,Off,Off,Off,Off,Off,Off,Off,Off,None,None,GroupList1,Always,Off,Off,REH (N)Peter1YOW,High,None,1,Off,180,Off,1,On,444.15,Off,Low,Off,ScanList1,Off,2,Off,300,0,+5.00000,Low,Off,Off
Always,Off,Off,12.5,Digital,1,Contact1,None,None,Off,Off,Off,Off,Off,Off,Off,Off,Off,Off,Off,Off,None,None,GroupList1,Always,Off,Off,REH (N)Peter2YOW,High,None,1,Off,180,Off,1,On,444.15,Off,Low,Off,ScanList1,Off,2,Off,300,0,+5.00000,Low,Off,Off
Always,Off,Off,12.5,Digital,1,Contact1,None,None,Off,Off,Off,Off,Off,Off,Off,Off,Off,Off,Off,Off,None,None,GroupList1,Always,Off,Off,REH (N) Reg WZN,High,None,1,Off,180,Off,1,On,444.15,Off,Low,Off,ScanList1,Off,2,Off,300,0,+5.00000,Low,Off,Off
Always,Off,Off,12.5,Digital,1,Contact1,None,None,Off,Off,Off,Off,Off,Off,Off,Off,Off,Off,Off,Off,None,None,GroupList1,Always,Off,Off,REH (N) TracyTXN,High,None,1,Off,180,Off,1,On,444.15,Off,Low,Off,ScanList1,Off,2,Off,300,0,+5.00000,Low,Off,Off
Always,Off,Off,12.5,Digital,1,Contact1,None,None,Off,Off,Off,Off,Off,Off,Off,Off,Off,Off,Off,Off,None,None,GroupList1,Always,Off,Off,REH (N) VA3COC,High,None,1,Off,180,Off,1,On,444.15,Off,Low,Off,ScanList1,Off,2,Off,300,0,+5.00000,Low,Off,Off
Always,Off,Off,12.5,Digital,1,Contact1,None,None,Off,Off,Off,Off,Off,Off,Off,Off,Off,Off,Off,Off,None,None,GroupList1,Always,Off,Off,REH (N) F-150 PR,High,None,1,Off,180,Off,1,On,444.15,Off,Low,Off,ScanList1,Off,2,Off,300,0,+5.00000,Low,Off,Off
Always,Off,Off,12.5,Digital,1,Contact1,None,None,Off,Off,Off,Off,Off,Off,Off,Off,Off,Off,Off,Off,None,None,GroupList1,Always,Off,Off,REH (N) UTV PR,High,None,1,Off,180,Off,1,On,444.15,Off,Low,Off,ScanList1,Off,2,Off,300,0,+5.00000,Low,Off,Off
Always,Off,Off,25,Analog,1,Contact1,None,None,Off,Off,Off,Off,Off,Off,Off,Off,Off,Off,Off,Off,None,None,GroupList1,Always,Off,Off,AV 01 146.415,High,None,1,Off,180,Off,1,On,146.415,Off,Low,Off,ScanList1,Off,2,Off,300,0,+0.00000,Low,Off,Off
Always,Off,Off,25,Analog,1,Contact1,None,None,Off,Off,Off,Off,Off,Off,Off,Off,Off,Off,Off,Off,None,None,GroupList1,Always,Off,Off,AV 02 146.430,High,None,1,Off,180,Off,1,On,146.43,Off,Low,Off,ScanList1,Off,2,Off,300,0,+0.00000,Low,Off,Off
Always,Off,Off,25,Analog,1,Contact1,None,None,Off,Off,Off,Off,Off,Off,Off,Off,Off,Off,Off,Off,None,None,GroupList1,Always,Off,Off,AV 03 146.445,High,None,1,Off,180,Off,1,On,146.445,Off,Low,Off,ScanList1,Off,2,Off,300,0,+0.00000,Low,Off,Off
Always,Off,Off,25,Analog,1,Contact1,None,None,Off,Off,Off,Off,Off,Off,Off,Off,Off,Off,Off,Off,None,None,GroupList1,Always,Off,Off,AV 04 146.460,High,None,1,Off,180,Off,1,On,146.46,Off,Low,Off,ScanList1,Off,2,Off,300,0,+0.00000,Low,Off,Off
Always,Off,Off,25,Analog,1,Contact1,None,None,Off,Off,Off,Off,Off,Off,Off,Off,Off,Off,Off,Off,None,None,GroupList1,Always,Off,Off,AV 05 146.475,High,None,1,Off,180,Off,1,On,146.475,Off,Low,Off,ScanList1,Off,2,Off,300,0,+0.00000,Low,Off,Off
Always,Off,Off,25,Analog,1,Contact1,None,None,Off,Off,Off,Off,Off,Off,Off,Off,Off,Off,Off,Off,None,None,GroupList1,Always,Off,Off,AV 06 146.490,High,None,1,Off,180,Off,1,On,146.49,Off,Low,Off,ScanList1,Off,2,Off,300,0,+0.00000,Low,Off,Off
Always,Off,Off,25,Analog,1,Contact1,None,None,Off,Off,Off,Off,Off,Off,Off,Off,Off,Off,Off,Off,None,None,GroupList1,Always,Off,Off,AV 07 146.505,High,None,1,Off,180,Off,1,On,146.505,Off,Low,Off,ScanList1,Off,2,Off,300,0,+0.00000,Low,Off,Off
Always,Off,Off,25,Analog,1,Contact1,None,None,Off,Off,Off,Off,Off,Off,Off,Off,Off,Off,Off,Off,None,None,GroupList1,Always,Off,Off,AV 08 146.520,High,None,1,Off,180,Off,1,On,146.52,Off,Low,Off,ScanList1,Off,2,Off,300,0,+0.00000,Low,Off,Off
Always,Off,Off,25,Analog,1,Contact1,None,None,Off,Off,Off,Off,Off,Off,Off,Off,Off,Off,Off,Off,None,None,GroupList1,Always,Off,Off,AV 09 146.535,High,None,1,Off,180,Off,1,On,146.535,Off,Low,Off,ScanList1,Off,2,Off,300,0,+0.00000,Low,Off,Off
Always,Off,Off,25,Analog,1,Contact1,None,None,Off,Off,Off,Off,Off,Off,Off,Off,Off,Off,Off,Off,None,None,GroupList1,Always,Off,Off,AV 10 146.550,High,None,1,Off,180,Off,1,On,146.55,Off,Low,Off,ScanList1,Off,2,Off,300,0,+0.00000,Low,Off,Off
Always,Off,Off,25,Analog,1,Contact1,None,None,Off,Off,Off,Off,Off,Off,Off,Off,Off,Off,Off,Off,None,None,GroupList1,Always,Off,Off,AV 11 146.565,High,None,1,Off,180,Off,1,On,146.565,Off,Low,Off,ScanList1,Off,2,Off,300,0,+0.00000,Low,Off,Off
Always,Off,Off,25,Analog,1,Contact1,None,None,Off,Off,Off,Off,Off,Off,Off,Off,Off,Off,Off,Off,None,None,GroupList1,Always,Off,Off,AV 12 146.580,High,None,1,Off,180,Off,1,On,146.58,Off,Low,Off,ScanList1,Off,2,Off,300,0,+0.00000,Low,Off,Off
Always,Off,Off,25,Analog,1,Contact1,None,None,Off,Off,Off,Off,Off,Off,Off,Off,Off,Off,Off,Off,None,None,GroupList1,Always,Off,Off,AV 13 146.595,High,None,1,Off,180,Off,1,On,146.595,Off,Low,Off,ScanList1,Off,2,Off,300,0,+0.00000,Low,Off,Off
Always,Off,Off,25,Analog,1,Contact1,None,None,Off,Off,Off,Off,Off,Off,Off,Off,Off,Off,Off,Off,None,None,GroupList1,Always,Off,Off,AV 14 147.420,High,None,1,Off,180,Off,1,On,147.42,Off,Low,Off,ScanList1,Off,2,Off,300,0,+0.00000,Low,Off,Off
Always,Off,Off,25,Analog,1,Contact1,None,None,Off,Off,Off,Off,Off,Off,Off,Off,Off,Off,Off,Off,None,None,GroupList1,Always,Off,Off,AV 15 147.450,High,None,1,Off,180,Off,1,On,147.45,Off,Low,Off,ScanList1,Off,2,Off,300,0,+0.00000,Low,Off,Off
Always,Off,Off,25,Analog,1,Contact1,None,None,Off,Off,Off,Off,Off,Off,Off,Off,Off,Off,Off,Off,None,None,GroupList1,Always,Off,Off,AV 16 147.480,High,None,1,Off,180,Off,1,On,147.48,Off,Low,Off,ScanList1,Off,2,Off,300,0,+0.00000,Low,Off,Off
Always,Off,Off,25,Analog,1,Contact1,None,None,Off,Off,Off,Off,Off,Off,Off,Off,Off,Off,Off,Off,None,None,GroupList1,Always,Off,Off,AV 17 147.510,High,None,1,Off,180,Off,1,On,147.51,Off,Low,Off,ScanList1,Off,2,Off,300,0,+0.00000,Low,Off,Off
Always,Off,Off,25,Analog,1,Contact1,None,None,Off,Off,Off,Off,Off,Off,Off,Off,Off,Off,Off,Off,None,None,GroupList1,Always,Off,Off,AV 18 147.540,High,None,1,Off,180,Off,1,On,147.54,Off,Low,Off,ScanList1,Off,2,Off,300,0,+0.00000,Low,Off,Off
Always,Off,Off,25,Analog,1,Contact1,None,None,Off,Off,Off,Off,Off,Off,Off,Off,Off,Off,Off,Off,None,None,GroupList1,Always,Off,Off,AV 19 147.570,High,None,1,Off,180,Off,1,On,147.57,Off,Low,Off,ScanList1,Off,2,Off,300,0,+0.00000,Low,Off,Off
Always,Off,Off,25,Analog,1,Contact1,None,None,Off,Off,Off,Off,Off,Off,Off,Off,Off,Off,Off,Off,None,None,GroupList1,Always,Off,Off,AV 20 446.000,High,None,1,Off,180,Off,1,On,446,Off,Low,Off,ScanList1,Off,2,Off,300,0,+0.00000,Low,Off,Off
Always,Off,Off,25,Analog,1,Contact1,None,None,Off,Off,Off,Off,Off,Off,Off,Off,Off,Off,Off,Off,None,None,GroupList1,Always,Off,Off,AV 21 446.025,High,None,1,Off,180,Off,1,On,446.025,Off,Low,Off,ScanList1,Off,2,Off,300,0,+0.00000,Low,Off,Off
Always,Off,Off,25,Analog,1,Contact1,None,None,Off,Off,Off,Off,Off,Off,Off,Off,Off,Off,Off,Off,None,None,GroupList1,Always,Off,Off,AV 22 446.050,High,None,1,Off,180,Off,1,On,446.05,Off,Low,Off,ScanList1,Off,2,Off,300,0,+0.00000,Low,Off,Off
Always,Off,Off,25,Analog,1,Contact1,None,None,Off,Off,Off,Off,Off,Off,Off,Off,Off,Off,Off,Off,None,None,GroupList1,Always,Off,Off,AV 23 446.075,High,None,1,Off,180,Off,1,On,446.075,Off,Low,Off,ScanList1,Off,2,Off,300,0,+0.00000,Low,Off,Off
Always,Off,Off,25,Analog,1,Contact1,None,None,Off,Off,Off,Off,Off,Off,Off,Off,Off,Off,Off,Off,None,None,GroupList1,Always,Off,Off,AV 24 446.100,High,None,1,Off,180,Off,1,On,446.1,Off,Low,Off,ScanList1,Off,2,Off,300,0,+0.00000,Low,Off,Off
Always,Off,Off,25,Analog,1,Contact1,None,None,Off,Off,Off,Off,Off,Off,Off,Off,Off,Off,Off,Off,None,None,GroupList1,Always,Off,Off,AV 25 446.125,High,None,1,Off,180,Off,1,On,446.125,Off,Low,Off,ScanList1,Off,2,Off,300,0,+0.00000,Low,Off,Off
Always,Off,Off,25,Analog,1,Contact1,None,None,Off,Off,Off,Off,Off,Off,Off,Off,Off,Off,Off,Off,None,None,GroupList1,Always,Off,Off,AV 26 446.150,High,None,1,Off,180,Off,1,On,446.15,Off,Low,Off,ScanList1,Off,2,Off,300,0,+0.00000,Low,Off,Off
Always,Off,Off,25,Analog,1,Contact1,None,None,Off,Off,Off,Off,Off,Off,Off,Off,Off,Off,Off,Off,None,None,GroupList1,Always,Off,Off,AV 27 446.175,High,None,1,Off,180,Off,1,On,446.175,Off,Low,Off,ScanList1,Off,2,Off,300,0,+0.00000,Low,Off,Off
Always,Off,Off,12.5,Digital,1,Contact1,None,None,Off,Off,Off,Off,Off,Off,Off,Off,Off,Off,Off,Off,None,None,GroupList1,Always,Off,Off,DV 01 147.435,High,None,1,Off,180,Off,1,On,147.435,Off,Low,Off,ScanList1,Off,2,Off,300,0,+0.00000,Low,Off,Off
Always,Off,Off,12.5,Digital,1,Contact1,None,None,Off,Off,Off,Off,Off,Off,Off,Off,Off,Off,Off,Off,None,None,GroupList1,Always,Off,Off,DV 02 147.465,High,None,1,Off,180,Off,1,On,147.465,Off,Low,Off,ScanList1,Off,2,Off,300,0,+0.00000,Low,Off,Off
Always,Off,Off,12.5,Digital,1,Contact1,None,None,Off,Off,Off,Off,Off,Off,Off,Off,Off,Off,Off,Off,None,None,GroupList1,Always,Off,Off,DV 03 147.495,High,None,1,Off,180,Off,1,On,147.495,Off,Low,Off,ScanList1,Off,2,Off,300,0,+0.00000,Low,Off,Off
Always,Off,Off,12.5,Digital,1,Contact1,None,None,Off,Off,Off,Off,Off,Off,Off,Off,Off,Off,Off,Off,None,None,GroupList1,Always,Off,Off,DV 04 147.525,High,None,1,Off,180,Off,1,On,147.525,Off,Low,Off,ScanList1,Off,2,Off,300,0,+0.00000,Low,Off,Off
Always,Off,Off,12.5,Digital,1,Contact1,None,None,Off,Off,Off,Off,Off,Off,Off,Off,Off,Off,Off,Off,None,None,GroupList1,Always,Off,Off,DV 05 147.555,High,None,1,Off,180,Off,1,On,147.555,Off,Low,Off,ScanList1,Off,2,Off,300,0,+0.00000,Low,Off,Off
Always,Off,Off,12.5,Digital,1,Contact1,None,None,Off,Off,Off,Off,Off,Off,Off,Off,Off,Off,Off,Off,None,None,GroupList1,Always,Off,Off,DV 06 147.585,High,None,1,Off,180,Off,1,On,147.585,Off,Low,Off,ScanList1,Off,2,Off,300,0,+0.00000,Low,Off,Off
Always,Off,Off,12.5,Digital,1,Contact1,None,None,Off,Off,Off,Off,Off,Off,Off,Off,Off,Off,Off,Off,None,None,GroupList1,Always,Off,Off,DV 07 445.800,High,None,1,Off,180,Off,1,On,445.8,Off,Low,Off,ScanList1,Off,2,Off,300,0,+0.00000,Low,Off,Off
Always,Off,Off,12.5,Digital,1,Contact1,None,None,Off,Off,Off,Off,Off,Off,Off,Off,Off,Off,Off,Off,None,None,GroupList1,Always,Off,Off,DV 08 445.825,High,None,1,Off,180,Off,1,On,445.825,Off,Low,Off,ScanList1,Off,2,Off,300,0,+0.00000,Low,Off,Off
Always,Off,Off,12.5,Digital,1,Contact1,None,None,Off,Off,Off,Off,Off,Off,Off,Off,Off,Off,Off,Off,None,None,GroupList1,Always,Off,Off,DV 09 445.850,High,None,1,Off,180,Off,1,On,445.85,Off,Low,Off,ScanList1,Off,2,Off,300,0,+0.00000,Low,Off,Off
Always,Off,Off,12.5,Digital,1,Contact1,None,None,Off,Off,Off,Off,Off,Off,Off,Off,Off,Off,Off,Off,None,None,GroupList1,Always,Off,Off,DV 10 445.900,High,None,1,Off,180,Off,1,On,445.9,Off,Low,Off,ScanList1,Off,2,Off,300,0,+0.00000,Low,Off,Off
Always,Off,Off,12.5,Digital,1,Contact1,None,None,Off,Off,Off,Off,Off,Off,Off,Off,Off,Off,Off,Off,None,None,GroupList1,Always,Off,Off,DV 11 445.925,High,None,1,Off,180,Off,1,On,445.925,Off,Low,Off,ScanList1,Off,2,Off,300,0,+0.00000,Low,Off,Off
Always,Off,Off,12.5,Digital,1,Contact1,None,None,Off,Off,Off,Off,Off,Off,Off,Off,Off,Off,Off,Off,None,None,GroupList1,Always,Off,Off,DV 12 445.950,High,None,1,Off,180,Off,1,On,445.95,Off,Low,Off,ScanList1,Off,2,Off,300,0,+0.00000,Low,Off,Off
Always,Off,Off,12.5,Digital,1,Contact1,None,None,Off,Off,Off,Off,Off,Off,Off,Off,Off,Off,Off,Off,None,None,GroupList1,Always,Off,Off,DV 13 445.975,High,None,1,Off,180,Off,1,On,445.975,Off,Low,Off,ScanList1,Off,2,Off,300,0,+0.00000,Low,Off,Off
Always,Off,Off,12.5,Digital,1,Contact1,None,None,Off,Off,Off,Off,Off,Off,Off,Off,Off,Off,Off,Off,None,None,GroupList1,Always,Off,Off,DV 14 446.800,High,None,1,Off,180,Off,1,On,446.8,Off,Low,Off,ScanList1,Off,2,Off,300,0,+0.00000,Low,Off,Off
Always,Off,Off,12.5,Digital,1,Contact1,None,None,Off,Off,Off,Off,Off,Off,Off,Off,Off,Off,Off,Off,None,None,GroupList1,Always,Off,Off,DV 15 446.825,High,None,1,Off,180,Off,1,On,446.825,Off,Low,Off,ScanList1,Off,2,Off,300,0,+0.00000,Low,Off,Off
Always,Off,Off,12.5,Digital,1,Contact1,None,None,Off,Off,Off,Off,Off,Off,Off,Off,Off,Off,Off,Off,None,None,GroupList1,Always,Off,Off,DV 16 446.850,High,None,1,Off,180,Off,1,On,446.85,Off,Low,Off,ScanList1,Off,2,Off,300,0,+0.00000,Low,Off,Off
Always,Off,Off,12.5,Digital,1,Contact1,None,None,Off,Off,Off,Off,Off,Off,Off,Off,Off,Off,Off,Off,None,None,GroupList1,Always,Off,Off,DV 17 446.900,High,None,1,Off,180,Off,1,On,446.9,Off,Low,Off,ScanList1,Off,2,Off,300,0,+0.00000,Low,Off,Off
Always,Off,Off,12.5,Digital,1,Contact1,None,None,Off,Off,Off,Off,Off,Off,Off,Off,Off,Off,Off,Off,None,None,GroupList1,Always,Off,Off,DV 18 446.925,High,None,1,Off,180,Off,1,On,446.925,Off,Low,Off,ScanList1,Off,2,Off,300,0,+0.00000,Low,Off,Off
Always,Off,Off,12.5,Digital,1,Contact1,None,None,Off,Off,Off,Off,Off,Off,Off,Off,Off,Off,Off,Off,None,None,GroupList1,Always,Off,Off,DV 19 446.950,High,None,1,Off,180,Off,1,On,446.95,Off,Low,Off,ScanList1,Off,2,Off,300,0,+0.00000,Low,Off,Off
Always,Off,Off,12.5,Digital,1,Contact1,None,None,Off,Off,Off,Off,Off,Off,Off,Off,Off,Off,Off,Off,None,None,GroupList1,Always,Off,Off,DV 20 446.975,High,None,1,Off,180,Off,1,On,446.975,Off,Low,Off,ScanList1,Off,2,Off,300,0,+0.00000,Low,Off,Off
Always,Off,Off,12.5,Digital,1,Contact1,None,None,Off,Off,Off,Off,Off,Off,Off,Off,Off,Off,Off,Off,None,None,GroupList1,Always,Off,Off,VE3PRV 30239 SAR,High,None,1,Off,180,Off,2,On,442.85,Off,Low,Off,ScanList1,Off,2,Off,300,0,+5.00000,Low,Off,Off
Always,Off,Off,12.5,Digital,1,Contact1,None,None,Off,Off,Off,Off,Off,Off,Off,Off,Off,Off,Off,Off,None,None,GroupList1,Always,Off,Off,VE3PRV REG E3WZN,High,None,1,Off,180,Off,2,On,442.85,Off,Low,Off,ScanList1,Off,2,Off,300,0,+5.00000,Low,Off,Off
Always,Off,Off,12.5,Digital,1,Contact1,None,None,Off,Off,Off,Off,Off,Off,Off,Off,Off,Off,Off,Off,None,None,GroupList1,Always,Off,Off,VE3PRV Jack XTT,High,None,1,Off,180,Off,2,On,442.85,Off,Low,Off,ScanList1,Off,2,Off,300,0,+5.00000,Low,Off,Off
Always,Off,Off,12.5,Digital,1,Contact1,None,None,Off,Off,Off,Off,Off,Off,Off,Off,Off,Off,Off,Off,None,None,GroupList1,Always,Off,Off,VE3PRV F-150,High,None,1,Off,180,Off,2,On,442.85,Off,Low,Off,ScanList1,Off,2,Off,300,0,+5.00000,Low,Off,Off
Always,Off,Off,12.5,Digital,1,Contact1,None,None,Off,Off,Off,Off,Off,Off,Off,Off,Off,Off,Off,Off,None,None,GroupList1,Always,Off,Off,VE3PRV UTV,High,None,1,Off,180,Off,2,On,442.85,Off,Low,Off,ScanList1,Off,2,Off,300,0,+5.00000,Low,Off,Off
Always,Off,Off,12.5,Digital,1,Contact1,None,None,Off,Off,Off,Off,Off,Off,Off,Off,Off,Off,Off,Off,None,None,GroupList1,Always,Off,Off,VE3PRV Status,High,None,1,Off,180,Off,2,On,442.85,Off,Low,Off,ScanList1,Off,2,Off,300,0,+5.00000,Low,Off,Off
Always,Off,Off,12.5,Digital,1,Contact1,None,None,Off,Off,Off,Off,Off,Off,Off,Off,Off,Off,Off,Off,None,None,GroupList1,Always,Off,Off,VE3PRV Parrot,High,None,1,Off,180,Off,2,On,442.85,Off,Low,Off,ScanList1,Off,2,Off,300,0,+5.00000,Low,Off,Off
Always,Off,Off,25,Analog,0,Contact1,None,None,Off,Off,Off,Off,Off,Off,Off,Off,Off,Off,Off,Off,None,None,GroupList1,Always,Off,Off,F01-FRS01-GMRS02,Low,None,1,Off,180,Off,2,On,462.5625,On,Low,Off,ScanList1,Off,2,Off,300,0,+0.00000,Low,Off,Off
Always,Off,Off,25,Analog,0,Contact1,None,None,Off,Off,Off,Off,Off,Off,Off,Off,Off,Off,Off,Off,None,None,GroupList1,Always,Off,Off,F02-FRS02-GMRS04,Low,None,1,Off,180,Off,2,On,462.5875,On,Low,Off,ScanList1,Off,2,Off,300,0,+0.00000,Low,Off,Off
Always,Off,Off,25,Analog,0,Contact1,None,None,Off,Off,Off,Off,Off,Off,Off,Off,Off,Off,Off,Off,None,None,GroupList1,Always,Off,Off,F03-FRS03-GMRS06,Low,None,1,Off,180,Off,2,On,462.6125,On,Low,Off,ScanList1,Off,2,Off,300,0,+0.00000,Low,Off,Off
Always,Off,Off,25,Analog,0,Contact1,None,None,Off,Off,Off,Off,Off,Off,Off,Off,Off,Off,Off,Off,None,None,GroupList1,Always,Off,Off,F04-FRS04-GMRS08,Low,None,1,Off,180,Off,2,On,462.6375,On,Low,Off,ScanList1,Off,2,Off,300,0,+0.00000,Low,Off,Off
Always,Off,Off,25,Analog,0,Contact1,None,None,Off,Off,Off,Off,Off,Off,Off,Off,Off,Off,Off,Off,None,None,GroupList1,Always,Off,Off,F05-FRS05-GMRS10,Low,None,1,Off,180,Off,2,On,462.6625,On,Low,Off,ScanList1,Off,2,Off,300,0,+0.00000,Low,Off,Off
Always,Off,Off,25,Analog,0,Contact1,None,None,Off,Off,Off,Off,Off,Off,Off,Off,Off,Off,Off,Off,None,None,GroupList1,Always,Off,Off,F06-FRS06-GMRS12,Low,None,1,Off,180,Off,2,On,462.6875,On,Low,Off,ScanList1,Off,2,Off,300,0,+0.00000,Low,Off,Off
Always,Off,Off,25,Analog,0,Contact1,None,None,Off,Off,Off,Off,Off,Off,Off,Off,Off,Off,Off,Off,None,None,GroupList1,Always,Off,Off,F07-FRS07-GMRS14,Low,None,1,Off,180,Off,2,On,462.7125,On,Low,Off,ScanList1,Off,2,Off,300,0,+0.00000,Low,Off,Off
Always,Off,Off,25,Analog,0,Contact1,None,None,Off,Off,Off,Off,Off,Off,Off,Off,Off,Off,Off,Off,None,None,GroupList1,Always,Off,Off,F08-FRS 08,Low,None,1,Off,180,Off,2,On,467.5625,On,Low,Off,ScanList1,Off,2,Off,300,0,+0.00000,Low,Off,Off
Always,Off,Off,25,Analog,0,Contact1,None,None,Off,Off,Off,Off,Off,Off,Off,Off,Off,Off,Off,Off,None,None,GroupList1,Always,Off,Off,F09-FRS 09,Low,None,1,Off,180,Off,2,On,467.5875,On,Low,Off,ScanList1,Off,2,Off,300,0,+0.00000,Low,Off,Off
Always,Off,Off,25,Analog,0,Contact1,None,None,Off,Off,Off,Off,Off,Off,Off,Off,Off,Off,Off,Off,None,None,GroupList1,Always,Off,Off,F10-FRS 10,Low,None,1,Off,180,Off,2,On,467.6125,On,Low,Off,ScanList1,Off,2,Off,300,0,+0.00000,Low,Off,Off
Always,Off,Off,25,Analog,0,Contact1,None,None,Off,Off,Off,Off,Off,Off,Off,Off,Off,Off,Off,Off,None,None,GroupList1,Always,Off,Off,F11-FRS 11,Low,None,1,Off,180,Off,2,On,467.6375,On,Low,Off,ScanList1,Off,2,Off,300,0,+0.00000,Low,Off,Off
Always,Off,Off,25,Analog,0,Contact1,None,None,Off,Off,Off,Off,Off,Off,Off,Off,Off,Off,Off,Off,None,None,GroupList1,Always,Off,Off,F12-FRS 12,Low,None,1,Off,180,Off,2,On,467.6625,On,Low,Off,ScanList1,Off,2,Off,300,0,+0.00000,Low,Off,Off
Always,Off,Off,25,Analog,0,Contact1,None,None,Off,Off,Off,Off,Off,Off,Off,Off,Off,Off,Off,Off,None,None,GroupList1,Always,Off,Off,F13-FRS 13,Low,None,1,Off,180,Off,2,On,467.6875,On,Low,Off,ScanList1,Off,2,Off,300,0,+0.00000,Low,Off,Off
Always,Off,Off,25,Analog,0,Contact1,None,None,Off,Off,Off,Off,Off,Off,Off,Off,Off,Off,Off,Off,None,None,GroupList1,Always,Off,Off,F14-FRS 14,Low,None,1,Off,180,Off,2,On,467.7125,On,Low,Off,ScanList1,Off,2,Off,300,0,+0.00000,Low,Off,Off
Always,Off,Off,25,Analog,0,Contact1,None,None,Off,Off,Off,Off,Off,Off,Off,Off,Off,Off,Off,Off,None,None,GroupList1,Always,Off,Off,F15-GMRS 01,Low,None,1,Off,180,Off,2,On,462.55,On,Low,Off,ScanList1,Off,2,Off,300,0,+0.00000,Low,Off,Off
Always,Off,Off,25,Analog,0,Contact1,None,None,Off,Off,Off,Off,Off,Off,Off,Off,Off,Off,Off,Off,None,None,GroupList1,Always,Off,Off,F16-GMRS 03,Low,None,1,Off,180,Off,2,On,462.575,On,Low,Off,ScanList1,Off,2,Off,300,0,+0.00000,Low,Off,Off
Always,Off,Off,25,Analog,0,Contact1,None,None,Off,Off,Off,Off,Off,Off,Off,Off,Off,Off,Off,Off,None,None,GroupList1,Always,Off,Off,F17-GMRS 05,Low,None,1,Off,180,Off,2,On,462.6,On,Low,Off,ScanList1,Off,2,Off,300,0,+0.00000,Low,Off,Off
Always,Off,Off,25,Analog,0,Contact1,None,None,Off,Off,Off,Off,Off,Off,Off,Off,Off,Off,Off,Off,None,None,GroupList1,Always,Off,Off,F18-GMRS 07,Low,None,1,Off,180,Off,2,On,462.625,On,Low,Off,ScanList1,Off,2,Off,300,0,+0.00000,Low,Off,Off
Always,Off,Off,25,Analog,0,Contact1,None,None,Off,Off,Off,Off,Off,Off,Off,Off,Off,Off,Off,Off,None,None,GroupList1,Always,Off,Off,F19-GMRS 09,Low,None,1,Off,180,Off,2,On,462.65,On,Low,Off,ScanList1,Off,2,Off,300,0,+0.00000,Low,Off,Off
Always,Off,Off,25,Analog,0,Contact1,None,None,Off,Off,Off,Off,Off,Off,Off,Off,Off,Off,Off,Off,None,None,GroupList1,Always,Off,Off,F20-GMRS 11,Low,None,1,Off,180,Off,2,On,462.675,On,Low,Off,ScanList1,Off,2,Off,300,0,+0.00000,Low,Off,Off
Always,Off,Off,25,Analog,0,Contact1,None,None,Off,Off,Off,Off,Off,Off,Off,Off,Off,Off,Off,Off,None,None,GroupList1,Always,Off,Off,F21-GMRS 13,Low,None,1,Off,180,Off,2,On,462.7,On,Low,Off,ScanList1,Off,2,Off,300,0,+0.00000,Low,Off,Off
Always,Off,Off,25,Analog,0,Contact1,None,None,Off,Off,Off,Off,Off,Off,Off,Off,Off,Off,Off,Off,None,None,GroupList1,Always,Off,Off,F22-GMRS 15,Low,None,1,Off,180,Off,2,On,462.725,On,Low,Off,ScanList1,Off,2,Off,300,0,+0.00000,Low,Off,Off
Always,Off,Off,25,Analog,1,Contact1,None,None,Off,Off,Off,Off,Off,Off,Off,Off,Off,Off,Off,Off,None,None,GroupList1,Always,Off,Off,WX 1,Low,None,1,Off,180,Off,2,On,162.4,On,Low,Off,ScanList1,Off,2,Off,300,0,+0.00000,Low,Off,Off
Always,Off,Off,25,Analog,1,Contact1,None,None,Off,Off,Off,Off,Off,Off,Off,Off,Off,Off,Off,Off,None,None,GroupList1,Always,Off,Off,WX 2,Low,None,1,Off,180,Off,2,On,162.425,On,Low,Off,ScanList1,Off,2,Off,300,0,+0.00000,Low,Off,Off
Always,Off,Off,25,Analog,1,Contact1,None,None,Off,Off,Off,Off,Off,Off,Off,Off,Off,Off,Off,Off,None,None,GroupList1,Always,Off,Off,WX 3,Low,None,1,Off,180,Off,2,On,162.45,On,Low,Off,ScanList1,Off,2,Off,300,0,+0.00000,Low,Off,Off
Always,Off,Off,25,Analog,1,Contact1,None,None,Off,Off,Off,Off,Off,Off,Off,Off,Off,Off,Off,Off,None,None,GroupList1,Always,Off,Off,WX 4,Low,None,1,Off,180,Off,2,On,162.475,On,Low,Off,ScanList1,Off,2,Off,300,0,+0.00000,Low,Off,Off
Always,Off,Off,25,Analog,1,Contact1,None,None,Off,Off,Off,Off,Off,Off,Off,Off,Off,Off,Off,Off,None,None,GroupList1,Always,Off,Off,WX 5,Low,None,1,Off,180,Off,2,On,162.5,On,Low,Off,ScanList1,Off,2,Off,300,0,+0.00000,Low,Off,Off
Always,Off,Off,25,Analog,1,Contact1,None,None,Off,Off,Off,Off,Off,Off,Off,Off,Off,Off,Off,Off,None,None,GroupList1,Always,Off,Off,WX 6,Low,None,1,Off,180,Off,2,On,162.525,On,Low,Off,ScanList1,Off,2,Off,300,0,+0.00000,Low,Off,Off
Always,Off,Off,25,Analog,1,Contact1,None,None,Off,Off,Off,Off,Off,Off,Off,Off,Off,Off,Off,Off,None,None,GroupList1,Always,Off,Off,WX 7,Low,None,1,Off,180,Off,2,On,162.55,On,Low,Off,ScanList1,Off,2,Off,300,0,+0.00000,Low,Off,Off
Always,Off,Off,25,Analog,0,Contact1,None,None,Off,Off,Off,Off,Off,Off,Off,Off,Off,Off,Off,Off,None,None,GroupList1,Always,Off,Off,Channel VFO A,Low,None,1,Off,180,Off,2,On,222,Off,Low,Off,ScanList1,Off,2,Off,300,0,+0.00000,Low,Off,Off
Always,Off,Off,25,Analog,0,Contact1,None,None,Off,Off,Off,Off,Off,Off,Off,Off,Off,Off,Off,Off,None,None,GroupList1,Always,Off,Off,Channel VFO B,High,None,1,Off,180,Off,2,On,443.8,Off,Low,Off,ScanList1,Off,2,Off,300,0,+0.00000,Low,Off,Off